,Date,Open,High,Low,Close,Adj Close,Volume
0,2001-01-02,1320.280029,1320.280029,1276.050049,1283.27002,1283.27002,1129400000
1,2001-01-03,1283.27002,1347.76001,1274.619995,1347.560059,1347.560059,1880700000
2,2001-01-04,1347.560059,1350.23999,1329.140015,1333.339966,1333.339966,2131000000
3,2001-01-05,1333.339966,1334.77002,1294.949951,1298.349976,1298.349976,1430800000
4,2001-01-08,1298.349976,1298.349976,1276.290039,1295.859985,1295.859985,1115500000
5,2001-01-09,1295.859985,1311.719971,1295.140015,1300.800049,1300.800049,1191300000
6,2001-01-10,1300.800049,1313.76001,1287.280029,1313.27002,1313.27002,1296500000
7,2001-01-11,1313.27002,1332.189941,1309.719971,1326.819946,1326.819946,1411200000
8,2001-01-12,1326.819946,1333.209961,1311.589966,1318.550049,1318.550049,1276000000
9,2001-01-16,1318.319946,1327.810059,1313.329956,1326.650024,1326.650024,1205700000
10,2001-01-17,1326.650024,1346.920044,1325.410034,1329.469971,1329.469971,1349100000
11,2001-01-18,1329.890015,1352.709961,1327.410034,1347.969971,1347.969971,1445000000
12,2001-01-19,1347.969971,1354.550049,1336.73999,1342.540039,1342.540039,1407800000
13,2001-01-22,1342.540039,1353.619995,1333.839966,1342.900024,1342.900024,1164000000
14,2001-01-23,1342.900024,1362.900024,1339.630005,1360.400024,1360.400024,1232600000
15,2001-01-24,1360.400024,1369.75,1357.280029,1364.300049,1364.300049,1309000000
16,2001-01-25,1364.300049,1367.349976,1354.630005,1357.51001,1357.51001,1258000000
17,2001-01-26,1357.51001,1357.51001,1342.75,1354.949951,1354.949951,1098000000
18,2001-01-29,1354.920044,1365.540039,1350.359985,1364.170044,1364.170044,1053100000
19,2001-01-30,1364.170044,1375.680054,1356.199951,1373.72998,1373.72998,1149800000
20,2001-01-31,1373.72998,1383.369995,1364.660034,1366.01001,1366.01001,1295300000
21,2001-02-01,1366.01001,1373.5,1359.339966,1373.469971,1373.469971,1118800000
22,2001-02-02,1373.469971,1376.380005,1348.719971,1349.469971,1349.469971,1048400000
23,2001-02-05,1349.469971,1354.560059,1344.47998,1354.310059,1354.310059,1013000000
24,2001-02-06,1354.310059,1363.550049,1350.040039,1352.26001,1352.26001,1059600000
25,2001-02-07,1352.26001,1352.26001,1334.26001,1340.890015,1340.890015,1158300000
26,2001-02-08,1341.099976,1350.319946,1332.420044,1332.530029,1332.530029,1107200000
27,2001-02-09,1332.530029,1332.530029,1309.97998,1314.76001,1314.76001,1075500000
28,2001-02-12,1314.76001,1330.959961,1313.640015,1330.310059,1330.310059,1039100000
29,2001-02-13,1330.310059,1336.619995,1317.51001,1318.800049,1318.800049,1075200000
30,2001-02-14,1318.800049,1320.72998,1304.719971,1315.920044,1315.920044,1150300000
31,2001-02-15,1315.920044,1331.290039,1315.920044,1326.609985,1326.609985,1153700000
32,2001-02-16,1326.609985,1326.609985,1293.180054,1301.530029,1301.530029,1257200000
33,2001-02-20,1301.530029,1307.160034,1278.439941,1278.939941,1278.939941,1112200000
34,2001-02-21,1278.939941,1282.969971,1253.160034,1255.27002,1255.27002,1208500000
35,2001-02-22,1255.27002,1259.939941,1228.329956,1252.819946,1252.819946,1365900000
36,2001-02-23,1252.819946,1252.819946,1215.439941,1245.859985,1245.859985,1231300000
37,2001-02-26,1245.859985,1267.689941,1241.709961,1267.650024,1267.650024,1130800000
38,2001-02-27,1267.650024,1272.76001,1252.26001,1257.939941,1257.939941,1114100000
39,2001-02-28,1257.939941,1263.469971,1229.650024,1239.939941,1239.939941,1225300000
40,2001-03-01,1239.939941,1241.359985,1214.5,1241.22998,1241.22998,1294900000
41,2001-03-02,1241.22998,1251.01001,1219.73999,1234.180054,1234.180054,1294000000
42,2001-03-05,1234.180054,1242.550049,1234.040039,1241.410034,1241.410034,929200000
43,2001-03-06,1241.410034,1267.420044,1241.410034,1253.800049,1253.800049,1091800000
44,2001-03-07,1253.800049,1263.859985,1253.800049,1261.890015,1261.890015,1132200000
45,2001-03-08,1261.890015,1266.5,1257.599976,1264.73999,1264.73999,1114100000
46,2001-03-09,1264.73999,1264.73999,1228.420044,1233.420044,1233.420044,1085900000
47,2001-03-12,1233.420044,1233.420044,1176.780029,1180.160034,1180.160034,1229000000
48,2001-03-13,1180.160034,1197.829956,1171.5,1197.660034,1197.660034,1360900000
49,2001-03-14,1197.660034,1197.660034,1155.349976,1166.709961,1166.709961,1397400000
50,2001-03-15,1166.709961,1182.040039,1166.709961,1173.560059,1173.560059,1259500000
51,2001-03-16,1173.560059,1173.560059,1148.640015,1150.530029,1150.530029,1543560000
52,2001-03-19,1150.530029,1173.5,1147.180054,1170.810059,1170.810059,1126200000
53,2001-03-20,1170.810059,1180.560059,1142.189941,1142.619995,1142.619995,1235900000
54,2001-03-21,1142.619995,1149.390015,1118.73999,1122.140015,1122.140015,1346300000
55,2001-03-22,1122.140015,1124.27002,1081.189941,1117.579956,1117.579956,1723950000
56,2001-03-23,1117.579956,1141.829956,1117.579956,1139.829956,1139.829956,1364900000
57,2001-03-26,1139.829956,1160.02002,1139.829956,1152.689941,1152.689941,1114000000
58,2001-03-27,1152.689941,1183.349976,1150.959961,1182.170044,1182.170044,1314200000
59,2001-03-28,1182.170044,1182.170044,1147.829956,1153.290039,1153.290039,1333400000
60,2001-03-29,1153.290039,1161.689941,1136.26001,1147.949951,1147.949951,1234500000
61,2001-03-30,1147.949951,1162.800049,1143.829956,1160.329956,1160.329956,1280800000
62,2001-04-02,1160.329956,1169.51001,1137.51001,1145.869995,1145.869995,1254900000
63,2001-04-03,1145.869995,1145.869995,1100.189941,1106.459961,1106.459961,1386100000
64,2001-04-04,1106.459961,1117.5,1091.98999,1103.25,1103.25,1425590000
65,2001-04-05,1103.25,1151.469971,1103.25,1151.439941,1151.439941,1368000000
66,2001-04-06,1151.439941,1151.439941,1119.290039,1128.430054,1128.430054,1266800000
67,2001-04-09,1128.430054,1146.130005,1126.380005,1137.589966,1137.589966,1062800000
68,2001-04-10,1137.589966,1173.920044,1137.589966,1168.380005,1168.380005,1349600000
69,2001-04-11,1168.380005,1182.23999,1160.26001,1165.890015,1165.890015,1290300000
70,2001-04-12,1165.890015,1183.51001,1157.72998,1183.5,1183.5,1102000000
71,2001-04-16,1183.5,1184.640015,1167.380005,1179.680054,1179.680054,913900000
72,2001-04-17,1179.680054,1192.25,1168.900024,1191.810059,1191.810059,1109600000
73,2001-04-18,1191.810059,1248.420044,1191.810059,1238.160034,1238.160034,1918900000
74,2001-04-19,1238.160034,1253.709961,1233.390015,1253.689941,1253.689941,1486800000
75,2001-04-20,1253.699951,1253.699951,1234.410034,1242.97998,1242.97998,1338700000
76,2001-04-23,1242.97998,1242.97998,1217.469971,1224.359985,1224.359985,1012600000
77,2001-04-24,1224.359985,1233.540039,1208.890015,1209.469971,1209.469971,1216500000
78,2001-04-25,1209.469971,1232.359985,1207.380005,1228.75,1228.75,1203600000
79,2001-04-26,1228.75,1248.300049,1228.75,1234.52002,1234.52002,1345200000
80,2001-04-27,1234.52002,1253.069946,1234.52002,1253.050049,1253.050049,1091300000
81,2001-04-30,1253.050049,1269.300049,1243.98999,1249.459961,1249.459961,1266800000
82,2001-05-01,1249.459961,1266.469971,1243.550049,1266.439941,1266.439941,1181300000
83,2001-05-02,1266.439941,1272.930054,1257.699951,1267.430054,1267.430054,1342200000
84,2001-05-03,1267.430054,1267.430054,1239.880005,1248.579956,1248.579956,1137900000
85,2001-05-04,1248.579956,1267.51001,1232.0,1266.609985,1266.609985,1082100000
86,2001-05-07,1266.609985,1270.0,1259.189941,1263.51001,1263.51001,949000000
87,2001-05-08,1266.709961,1267.01001,1253.0,1261.199951,1261.199951,1006300000
88,2001-05-09,1261.199951,1261.650024,1247.829956,1255.540039,1255.540039,1132400000
89,2001-05-10,1255.540039,1268.140015,1254.560059,1255.180054,1255.180054,1056700000
90,2001-05-11,1255.180054,1259.839966,1240.790039,1245.670044,1245.670044,906200000
91,2001-05-14,1245.670044,1249.680054,1241.02002,1248.920044,1248.920044,858200000
92,2001-05-15,1248.920044,1257.449951,1245.359985,1249.439941,1249.439941,1071800000
93,2001-05-16,1249.439941,1286.390015,1243.02002,1284.98999,1284.98999,1405300000
94,2001-05-17,1284.98999,1296.47998,1282.650024,1288.48999,1288.48999,1355600000
95,2001-05-18,1288.48999,1292.060059,1281.150024,1291.959961,1291.959961,1130800000
96,2001-05-21,1291.959961,1312.949951,1287.869995,1312.829956,1312.829956,1174900000
97,2001-05-22,1312.829956,1315.930054,1306.890015,1309.380005,1309.380005,1260400000
98,2001-05-23,1309.380005,1309.380005,1288.699951,1289.050049,1289.050049,1134800000
99,2001-05-24,1289.050049,1295.040039,1281.219971,1293.170044,1293.170044,1100700000
100,2001-05-25,1293.170044,1293.170044,1276.420044,1277.890015,1277.890015,828100000
101,2001-05-29,1277.890015,1278.420044,1265.410034,1267.930054,1267.930054,1026000000
102,2001-05-30,1267.930054,1267.930054,1245.959961,1248.079956,1248.079956,1158600000
103,2001-05-31,1248.079956,1261.910034,1248.069946,1255.819946,1255.819946,1226600000
104,2001-06-01,1255.819946,1265.339966,1246.880005,1260.670044,1260.670044,1015000000
105,2001-06-04,1260.670044,1267.170044,1256.359985,1267.109985,1267.109985,836500000
106,2001-06-05,1267.109985,1286.619995,1267.109985,1283.569946,1283.569946,1116800000
107,2001-06-06,1283.569946,1283.849976,1269.01001,1270.030029,1270.030029,1061900000
108,2001-06-07,1270.030029,1277.079956,1265.079956,1276.959961,1276.959961,1089600000
109,2001-06-08,1276.959961,1277.109985,1259.98999,1264.959961,1264.959961,726200000
110,2001-06-11,1264.959961,1264.959961,1249.22998,1254.390015,1254.390015,870100000
111,2001-06-12,1254.390015,1261.0,1235.75,1255.849976,1255.849976,1136500000
112,2001-06-13,1255.849976,1259.75,1241.589966,1241.599976,1241.599976,1063600000
113,2001-06-14,1241.599976,1241.599976,1218.900024,1219.869995,1219.869995,1242900000
114,2001-06-15,1219.869995,1221.5,1203.030029,1214.359985,1214.359985,1635550000
115,2001-06-18,1214.359985,1221.22998,1208.329956,1208.430054,1208.430054,1111600000
116,2001-06-19,1208.430054,1226.109985,1207.709961,1212.579956,1212.579956,1184900000
117,2001-06-20,1212.579956,1225.609985,1210.069946,1223.140015,1223.140015,1350100000
118,2001-06-21,1223.140015,1240.23999,1220.25,1237.040039,1237.040039,1546820000
119,2001-06-22,1237.040039,1237.72998,1221.410034,1225.349976,1225.349976,1189200000
120,2001-06-25,1225.349976,1231.5,1213.599976,1218.599976,1218.599976,1050100000
121,2001-06-26,1218.599976,1220.699951,1204.640015,1216.76001,1216.76001,1198900000
122,2001-06-27,1216.76001,1219.920044,1207.290039,1211.069946,1211.069946,1162100000
123,2001-06-28,1211.069946,1234.439941,1211.069946,1226.199951,1226.199951,1327300000
124,2001-06-29,1226.199951,1237.290039,1221.140015,1224.380005,1224.380005,1832360000
125,2001-07-02,1224.420044,1239.780029,1224.030029,1236.719971,1236.719971,1128300000
126,2001-07-03,1236.709961,1236.709961,1229.430054,1234.449951,1234.449951,622110000
127,2001-07-05,1234.449951,1234.449951,1219.150024,1219.23999,1219.23999,934900000
128,2001-07-06,1219.23999,1219.23999,1188.73999,1190.589966,1190.589966,1056700000
129,2001-07-09,1190.589966,1201.76001,1189.75,1198.780029,1198.780029,1045700000
130,2001-07-10,1198.780029,1203.430054,1179.930054,1181.52002,1181.52002,1263800000
131,2001-07-11,1181.52002,1184.930054,1168.459961,1180.180054,1180.180054,1384100000
132,2001-07-12,1180.180054,1210.25,1180.180054,1208.140015,1208.140015,1394000000
133,2001-07-13,1208.140015,1218.540039,1203.609985,1215.680054,1215.680054,1121700000
134,2001-07-16,1215.680054,1219.630005,1200.050049,1202.449951,1202.449951,1039800000
135,2001-07-17,1202.449951,1215.359985,1196.140015,1214.439941,1214.439941,1238100000
136,2001-07-18,1214.439941,1214.439941,1198.329956,1207.709961,1207.709961,1316300000
137,2001-07-19,1207.709961,1225.040039,1205.800049,1215.02002,1215.02002,1343500000
138,2001-07-20,1215.02002,1215.689941,1207.040039,1210.849976,1210.849976,1170900000
139,2001-07-23,1210.849976,1215.219971,1190.5,1191.030029,1191.030029,986900000
140,2001-07-24,1191.030029,1191.030029,1165.540039,1171.650024,1171.650024,1198700000
141,2001-07-25,1171.650024,1190.52002,1171.280029,1190.48999,1190.48999,1280700000
142,2001-07-26,1190.48999,1204.180054,1182.650024,1202.930054,1202.930054,1213900000
143,2001-07-27,1202.930054,1209.26001,1195.98999,1205.819946,1205.819946,1015300000
144,2001-07-30,1205.819946,1209.050049,1200.410034,1204.52002,1204.52002,909100000
145,2001-07-31,1204.52002,1222.73999,1204.52002,1211.22998,1211.22998,1129200000
146,2001-08-01,1211.22998,1223.040039,1211.22998,1215.930054,1215.930054,1340300000
147,2001-08-02,1215.930054,1226.27002,1215.310059,1220.75,1220.75,1218300000
148,2001-08-03,1220.75,1220.75,1205.310059,1214.349976,1214.349976,939900000
149,2001-08-06,1214.349976,1214.349976,1197.349976,1200.47998,1200.47998,811700000
150,2001-08-07,1200.469971,1207.560059,1195.640015,1204.400024,1204.400024,1012000000
151,2001-08-08,1204.400024,1206.790039,1181.27002,1183.530029,1183.530029,1124600000
152,2001-08-09,1183.530029,1184.709961,1174.680054,1183.430054,1183.430054,1104200000
153,2001-08-10,1183.430054,1193.329956,1169.550049,1190.160034,1190.160034,960900000
154,2001-08-13,1190.160034,1193.819946,1185.119995,1191.290039,1191.290039,837600000
155,2001-08-14,1191.290039,1198.790039,1184.26001,1186.72998,1186.72998,964600000
156,2001-08-15,1186.72998,1191.209961,1177.609985,1178.02002,1178.02002,1065600000
157,2001-08-16,1178.02002,1181.800049,1166.079956,1181.660034,1181.660034,1055400000
158,2001-08-17,1181.660034,1181.660034,1156.069946,1161.969971,1161.969971,974300000
159,2001-08-20,1161.969971,1171.410034,1160.939941,1171.410034,1171.410034,897100000
160,2001-08-21,1171.410034,1179.849976,1156.560059,1157.26001,1157.26001,1041600000
161,2001-08-22,1157.26001,1168.560059,1153.339966,1165.310059,1165.310059,1110800000
162,2001-08-23,1165.310059,1169.859985,1160.959961,1162.089966,1162.089966,986200000
163,2001-08-24,1162.089966,1185.150024,1162.089966,1184.930054,1184.930054,1043600000
164,2001-08-27,1184.930054,1186.849976,1178.069946,1179.209961,1179.209961,842600000
165,2001-08-28,1179.209961,1179.660034,1161.170044,1161.51001,1161.51001,987100000
166,2001-08-29,1161.51001,1166.969971,1147.380005,1148.560059,1148.560059,963700000
167,2001-08-30,1148.599976,1151.75,1124.869995,1129.030029,1129.030029,1157000000
168,2001-08-31,1129.030029,1141.829956,1126.380005,1133.579956,1133.579956,920100000
169,2001-09-04,1133.579956,1155.400024,1129.060059,1132.939941,1132.939941,1178300000
170,2001-09-05,1132.939941,1135.52002,1114.859985,1131.73999,1131.73999,1384500000
171,2001-09-06,1131.73999,1131.73999,1105.829956,1106.400024,1106.400024,1359700000
172,2001-09-07,1106.400024,1106.400024,1082.119995,1085.780029,1085.780029,1424300000
173,2001-09-10,1085.780029,1096.939941,1073.150024,1092.540039,1092.540039,1276600000
174,2001-09-17,1092.540039,1092.540039,1037.459961,1038.77002,1038.77002,2330830000
175,2001-09-18,1038.77002,1046.420044,1029.25,1032.73999,1032.73999,1650410000
176,2001-09-19,1032.73999,1038.910034,984.619995,1016.099976,1016.099976,2120550000
177,2001-09-20,1016.099976,1016.099976,984.48999,984.539978,984.539978,2004800000
178,2001-09-21,984.539978,984.539978,944.75,965.799988,965.799988,2317300000
179,2001-09-24,965.799988,1008.440002,965.799988,1003.450012,1003.450012,1746600000
180,2001-09-25,1003.450012,1017.140015,998.330017,1012.27002,1012.27002,1613800000
181,2001-09-26,1012.27002,1020.289978,1002.619995,1007.039978,1007.039978,1519100000
182,2001-09-27,1007.039978,1018.919983,998.23999,1018.609985,1018.609985,1467000000
183,2001-09-28,1018.609985,1040.939941,1018.609985,1040.939941,1040.939941,1631500000
184,2001-10-01,1040.939941,1040.939941,1026.76001,1038.550049,1038.550049,1175600000
185,2001-10-02,1038.550049,1051.329956,1034.469971,1051.329956,1051.329956,1289800000
186,2001-10-03,1051.329956,1075.380005,1041.47998,1072.280029,1072.280029,1650600000
187,2001-10-04,1072.280029,1084.119995,1067.819946,1069.630005,1069.630005,1609100000
188,2001-10-05,1069.619995,1072.349976,1053.5,1071.380005,1071.380005,1301700000
189,2001-10-08,1071.369995,1071.369995,1056.880005,1062.439941,1062.439941,979000000
190,2001-10-09,1062.439941,1063.369995,1053.829956,1056.75,1056.75,1227800000
191,2001-10-10,1056.75,1081.619995,1052.76001,1080.98999,1080.98999,1312400000
192,2001-10-11,1080.98999,1099.160034,1080.98999,1097.430054,1097.430054,1704580000
193,2001-10-12,1097.430054,1097.430054,1072.150024,1091.650024,1091.650024,1331400000
194,2001-10-15,1091.650024,1091.650024,1078.189941,1089.97998,1089.97998,1024700000
195,2001-10-16,1089.97998,1101.660034,1087.130005,1097.540039,1097.540039,1210500000
196,2001-10-17,1097.540039,1107.119995,1076.569946,1077.089966,1077.089966,1452200000
197,2001-10-18,1077.089966,1077.939941,1064.540039,1068.609985,1068.609985,1262900000
198,2001-10-19,1068.609985,1075.52002,1057.23999,1073.47998,1073.47998,1294900000
199,2001-10-22,1073.47998,1090.569946,1070.790039,1089.900024,1089.900024,1105700000
200,2001-10-23,1089.900024,1098.98999,1081.530029,1084.780029,1084.780029,1317300000
201,2001-10-24,1084.780029,1090.26001,1079.97998,1085.199951,1085.199951,1336200000
202,2001-10-25,1085.199951,1100.089966,1065.640015,1100.089966,1100.089966,1364400000
203,2001-10-26,1100.089966,1110.609985,1094.23999,1104.609985,1104.609985,1244500000
204,2001-10-29,1104.609985,1104.609985,1078.300049,1078.300049,1078.300049,1106100000
205,2001-10-30,1078.300049,1078.300049,1053.609985,1059.790039,1059.790039,1297400000
206,2001-10-31,1059.790039,1074.790039,1057.550049,1059.780029,1059.780029,1352500000
207,2001-11-01,1059.780029,1085.609985,1054.310059,1084.099976,1084.099976,1317400000
208,2001-11-02,1084.099976,1089.630005,1075.579956,1087.199951,1087.199951,1121900000
209,2001-11-05,1087.199951,1106.719971,1087.199951,1102.839966,1102.839966,1267700000
210,2001-11-06,1102.839966,1119.72998,1095.359985,1118.859985,1118.859985,1356000000
211,2001-11-07,1118.859985,1126.619995,1112.97998,1115.800049,1115.800049,1411300000
212,2001-11-08,1115.800049,1135.75,1115.420044,1118.540039,1118.540039,1517500000
213,2001-11-09,1118.540039,1123.02002,1111.130005,1120.310059,1120.310059,1093800000
214,2001-11-12,1120.310059,1121.709961,1098.319946,1118.329956,1118.329956,991600000
215,2001-11-13,1118.329956,1139.140015,1118.329956,1139.089966,1139.089966,1370100000
216,2001-11-14,1139.089966,1148.280029,1132.869995,1141.209961,1141.209961,1443400000
217,2001-11-15,1141.209961,1146.459961,1135.060059,1142.23999,1142.23999,1454500000
218,2001-11-16,1142.23999,1143.52002,1129.920044,1138.650024,1138.650024,1337400000
219,2001-11-19,1138.650024,1151.060059,1138.650024,1151.060059,1151.060059,1316800000
220,2001-11-20,1151.060059,1152.449951,1142.170044,1142.660034,1142.660034,1330200000
221,2001-11-21,1142.660034,1142.660034,1129.780029,1137.030029,1137.030029,1029300000
222,2001-11-23,1137.030029,1151.050049,1135.900024,1150.339966,1150.339966,410300000
223,2001-11-26,1150.339966,1157.880005,1146.170044,1157.420044,1157.420044,1129800000
224,2001-11-27,1157.420044,1163.380005,1140.810059,1149.5,1149.5,1288000000
225,2001-11-28,1149.5,1149.5,1128.290039,1128.52002,1128.52002,1423700000
226,2001-11-29,1128.52002,1140.400024,1125.51001,1140.199951,1140.199951,1375700000
227,2001-11-30,1140.199951,1143.569946,1135.890015,1139.449951,1139.449951,1343600000
228,2001-12-03,1139.449951,1139.449951,1125.780029,1129.900024,1129.900024,1202900000
229,2001-12-04,1129.900024,1144.800049,1128.859985,1144.800049,1144.800049,1318500000
230,2001-12-05,1143.77002,1173.619995,1143.77002,1170.349976,1170.349976,1765300000
231,2001-12-06,1170.349976,1173.349976,1164.430054,1167.099976,1167.099976,1487900000
232,2001-12-07,1167.099976,1167.099976,1152.660034,1158.310059,1158.310059,1248200000
233,2001-12-10,1158.310059,1158.310059,1139.660034,1139.930054,1139.930054,1218700000
234,2001-12-11,1139.930054,1150.890015,1134.319946,1136.76001,1136.76001,1367200000
235,2001-12-12,1136.76001,1141.579956,1126.01001,1137.069946,1137.069946,1449700000
236,2001-12-13,1137.069946,1137.069946,1117.849976,1119.380005,1119.380005,1511500000
237,2001-12-14,1119.380005,1128.280029,1114.530029,1123.089966,1123.089966,1306800000
238,2001-12-17,1123.089966,1137.300049,1122.660034,1134.359985,1134.359985,1260400000
239,2001-12-18,1134.359985,1145.099976,1134.359985,1142.920044,1142.920044,1354000000
240,2001-12-19,1142.920044,1152.439941,1134.75,1149.560059,1149.560059,1484900000
241,2001-12-20,1149.560059,1151.420044,1139.930054,1139.930054,1139.930054,1490500000
242,2001-12-21,1139.930054,1147.459961,1139.930054,1144.890015,1144.890015,1694000000
243,2001-12-24,1144.890015,1147.829956,1144.619995,1144.650024,1144.650024,439670000
244,2001-12-26,1144.650024,1159.180054,1144.650024,1149.369995,1149.369995,791100000
245,2001-12-27,1149.369995,1157.130005,1149.369995,1157.130005,1157.130005,876300000
246,2001-12-28,1157.130005,1164.640015,1157.130005,1161.02002,1161.02002,917400000
247,2001-12-31,1161.02002,1161.160034,1148.040039,1148.079956,1148.079956,943600000
248,2002-01-02,1148.079956,1154.670044,1136.22998,1154.670044,1154.670044,1171000000
249,2002-01-03,1154.670044,1165.27002,1154.01001,1165.27002,1165.27002,1398900000
250,2002-01-04,1165.27002,1176.550049,1163.420044,1172.51001,1172.51001,1513000000
251,2002-01-07,1172.51001,1176.969971,1163.550049,1164.890015,1164.890015,1308300000
252,2002-01-08,1164.890015,1167.599976,1157.459961,1160.709961,1160.709961,1258800000
253,2002-01-09,1160.709961,1174.26001,1151.890015,1155.140015,1155.140015,1452000000
254,2002-01-10,1155.140015,1159.930054,1150.849976,1156.550049,1156.550049,1299000000
255,2002-01-11,1156.550049,1159.410034,1145.449951,1145.599976,1145.599976,1211900000
256,2002-01-14,1145.599976,1145.599976,1138.150024,1138.410034,1138.410034,1286400000
257,2002-01-15,1138.410034,1148.810059,1136.880005,1146.189941,1146.189941,1386900000
258,2002-01-16,1146.189941,1146.189941,1127.48999,1127.569946,1127.569946,1482500000
259,2002-01-17,1127.569946,1139.27002,1127.569946,1138.880005,1138.880005,1380100000
260,2002-01-18,1138.880005,1138.880005,1124.449951,1127.579956,1127.579956,1333300000
261,2002-01-22,1127.579956,1135.26001,1117.910034,1119.310059,1119.310059,1311600000
262,2002-01-23,1119.310059,1131.939941,1117.430054,1128.180054,1128.180054,1479200000
263,2002-01-24,1128.180054,1139.5,1128.180054,1132.150024,1132.150024,1552800000
264,2002-01-25,1132.150024,1138.310059,1127.819946,1133.280029,1133.280029,1345100000
265,2002-01-28,1133.280029,1138.630005,1126.660034,1133.060059,1133.060059,1186800000
266,2002-01-29,1133.060059,1137.469971,1098.73999,1100.640015,1100.640015,1812000000
267,2002-01-30,1100.640015,1113.790039,1081.660034,1113.569946,1113.569946,2019600000
268,2002-01-31,1113.569946,1130.209961,1113.300049,1130.199951,1130.199951,1557000000
269,2002-02-01,1130.199951,1130.199951,1118.51001,1122.199951,1122.199951,1367200000
270,2002-02-04,1122.199951,1122.199951,1092.25,1094.439941,1094.439941,1437600000
271,2002-02-05,1094.439941,1100.959961,1082.579956,1090.02002,1090.02002,1778300000
272,2002-02-06,1090.02002,1093.579956,1077.780029,1083.51001,1083.51001,1665800000
273,2002-02-07,1083.51001,1094.030029,1078.439941,1080.170044,1080.170044,1441600000
274,2002-02-08,1080.170044,1096.300049,1079.910034,1096.219971,1096.219971,1371900000
275,2002-02-11,1096.219971,1112.01001,1094.680054,1111.939941,1111.939941,1159400000
276,2002-02-12,1111.939941,1112.680054,1102.97998,1107.5,1107.5,1094200000
277,2002-02-13,1107.5,1120.560059,1107.5,1118.51001,1118.51001,1215900000
278,2002-02-14,1118.51001,1124.719971,1112.300049,1116.47998,1116.47998,1272500000
279,2002-02-15,1116.47998,1117.089966,1103.22998,1104.180054,1104.180054,1359200000
280,2002-02-19,1104.180054,1104.180054,1082.23999,1083.339966,1083.339966,1189900000
281,2002-02-20,1083.339966,1098.319946,1074.359985,1097.97998,1097.97998,1438900000
282,2002-02-21,1097.97998,1101.5,1080.23999,1080.949951,1080.949951,1381600000
283,2002-02-22,1080.949951,1093.930054,1074.390015,1089.839966,1089.839966,1411000000
284,2002-02-25,1089.839966,1112.709961,1089.839966,1109.430054,1109.430054,1367400000
285,2002-02-26,1109.430054,1115.050049,1101.719971,1109.380005,1109.380005,1309200000
286,2002-02-27,1109.380005,1123.060059,1102.26001,1109.890015,1109.890015,1393800000
287,2002-02-28,1109.890015,1121.569946,1106.72998,1106.72998,1106.72998,1392200000
288,2002-03-01,1106.72998,1131.790039,1106.72998,1131.780029,1131.780029,1456500000
289,2002-03-04,1131.780029,1153.839966,1130.930054,1153.839966,1153.839966,1594300000
290,2002-03-05,1153.839966,1157.73999,1144.780029,1146.140015,1146.140015,1549300000
291,2002-03-06,1146.140015,1165.290039,1145.109985,1162.77002,1162.77002,1541300000
292,2002-03-07,1162.77002,1167.939941,1150.689941,1157.540039,1157.540039,1517400000
293,2002-03-08,1157.540039,1172.76001,1157.540039,1164.310059,1164.310059,1412000000
294,2002-03-11,1164.310059,1173.030029,1159.579956,1168.26001,1168.26001,1210200000
295,2002-03-12,1168.26001,1168.26001,1154.339966,1165.579956,1165.579956,1304400000
296,2002-03-13,1165.579956,1165.579956,1151.01001,1154.089966,1154.089966,1354000000
297,2002-03-14,1154.089966,1157.829956,1151.079956,1153.040039,1153.040039,1208800000
298,2002-03-15,1153.040039,1166.47998,1153.040039,1166.160034,1166.160034,1493900000
299,2002-03-18,1166.160034,1172.72998,1159.140015,1165.550049,1165.550049,1169500000
300,2002-03-19,1165.550049,1173.939941,1165.550049,1170.290039,1170.290039,1255000000
301,2002-03-20,1170.290039,1170.290039,1151.609985,1151.849976,1151.849976,1304900000
302,2002-03-21,1151.849976,1155.099976,1139.47998,1153.589966,1153.589966,1339200000
303,2002-03-22,1153.589966,1156.48999,1144.599976,1148.699951,1148.699951,1243300000
304,2002-03-25,1148.699951,1151.040039,1131.869995,1131.869995,1131.869995,1057900000
305,2002-03-26,1131.869995,1147.0,1131.609985,1138.48999,1138.48999,1223600000
306,2002-03-27,1138.48999,1146.949951,1135.329956,1144.579956,1144.579956,1180100000
307,2002-03-28,1144.579956,1154.449951,1144.579956,1147.390015,1147.390015,1147600000
308,2002-04-01,1147.390015,1147.839966,1132.869995,1146.540039,1146.540039,1050900000
309,2002-04-02,1146.540039,1146.540039,1135.709961,1136.76001,1136.76001,1176700000
310,2002-04-03,1136.76001,1138.849976,1119.680054,1125.400024,1125.400024,1219700000
311,2002-04-04,1125.400024,1130.449951,1120.060059,1126.339966,1126.339966,1283800000
312,2002-04-05,1126.339966,1133.310059,1119.48999,1122.72998,1122.72998,1110200000
313,2002-04-08,1122.72998,1125.410034,1111.790039,1125.290039,1125.290039,1095300000
314,2002-04-09,1125.290039,1128.290039,1116.72998,1117.800049,1117.800049,1235400000
315,2002-04-10,1117.800049,1131.76001,1117.800049,1130.469971,1130.469971,1447900000
316,2002-04-11,1130.469971,1130.469971,1102.420044,1103.689941,1103.689941,1505600000
317,2002-04-12,1103.689941,1112.77002,1102.73999,1111.01001,1111.01001,1282100000
318,2002-04-15,1111.01001,1114.859985,1099.410034,1102.550049,1102.550049,1120400000
319,2002-04-16,1102.550049,1129.400024,1102.550049,1128.369995,1128.369995,1341300000
320,2002-04-17,1128.369995,1133.0,1123.369995,1126.069946,1126.069946,1376900000
321,2002-04-18,1126.069946,1130.48999,1109.290039,1124.469971,1124.469971,1359300000
322,2002-04-19,1124.469971,1128.819946,1122.589966,1125.170044,1125.170044,1185000000
323,2002-04-22,1125.170044,1125.170044,1105.619995,1107.829956,1107.829956,1181800000
324,2002-04-23,1107.829956,1111.170044,1098.939941,1100.959961,1100.959961,1388500000
325,2002-04-24,1100.959961,1108.459961,1092.51001,1093.140015,1093.140015,1373200000
326,2002-04-25,1093.140015,1094.359985,1084.810059,1091.47998,1091.47998,1517400000
327,2002-04-26,1091.47998,1096.77002,1076.310059,1076.319946,1076.319946,1374200000
328,2002-04-29,1076.319946,1078.949951,1063.619995,1065.449951,1065.449951,1314700000
329,2002-04-30,1065.449951,1082.619995,1063.459961,1076.920044,1076.920044,1628600000
330,2002-05-01,1076.920044,1088.319946,1065.290039,1086.459961,1086.459961,1451400000
331,2002-05-02,1086.459961,1091.420044,1079.459961,1084.560059,1084.560059,1364000000
332,2002-05-03,1084.560059,1084.560059,1068.890015,1073.430054,1073.430054,1284500000
333,2002-05-06,1073.430054,1075.959961,1052.650024,1052.670044,1052.670044,1122600000
334,2002-05-07,1052.670044,1058.670044,1048.959961,1049.48999,1049.48999,1354700000
335,2002-05-08,1049.48999,1088.920044,1049.48999,1088.849976,1088.849976,1502000000
336,2002-05-09,1088.849976,1088.849976,1072.22998,1073.01001,1073.01001,1153000000
337,2002-05-10,1073.01001,1075.430054,1053.930054,1054.98999,1054.98999,1171900000
338,2002-05-13,1054.98999,1074.839966,1053.900024,1074.560059,1074.560059,1088600000
339,2002-05-14,1074.560059,1097.709961,1074.560059,1097.280029,1097.280029,1414500000
340,2002-05-15,1097.280029,1104.22998,1088.939941,1091.069946,1091.069946,1420200000
341,2002-05-16,1091.069946,1099.290039,1089.170044,1098.22998,1098.22998,1256600000
342,2002-05-17,1098.22998,1106.589966,1096.77002,1106.589966,1106.589966,1274400000
343,2002-05-20,1106.589966,1106.589966,1090.609985,1091.880005,1091.880005,989800000
344,2002-05-21,1091.880005,1099.550049,1079.079956,1079.880005,1079.880005,1200500000
345,2002-05-22,1079.880005,1086.02002,1075.640015,1086.02002,1086.02002,1136300000
346,2002-05-23,1086.02002,1097.099976,1080.550049,1097.079956,1097.079956,1192900000
347,2002-05-24,1097.079956,1097.079956,1082.189941,1083.819946,1083.819946,885400000
348,2002-05-28,1083.819946,1085.97998,1070.310059,1074.550049,1074.550049,996500000
349,2002-05-29,1074.550049,1074.829956,1067.660034,1067.660034,1067.660034,1081800000
350,2002-05-30,1067.660034,1069.5,1054.26001,1064.660034,1064.660034,1286600000
351,2002-05-31,1064.660034,1079.930054,1064.660034,1067.140015,1067.140015,1277300000
352,2002-06-03,1067.140015,1070.73999,1039.900024,1040.680054,1040.680054,1324300000
353,2002-06-04,1040.680054,1046.060059,1030.52002,1040.689941,1040.689941,1466600000
354,2002-06-05,1040.689941,1050.109985,1038.839966,1049.900024,1049.900024,1300100000
355,2002-06-06,1049.900024,1049.900024,1026.910034,1029.150024,1029.150024,1601500000
356,2002-06-07,1029.150024,1033.02002,1012.48999,1027.530029,1027.530029,1341300000
357,2002-06-10,1027.530029,1038.180054,1025.449951,1030.73999,1030.73999,1226200000
358,2002-06-11,1030.73999,1039.040039,1012.940002,1013.599976,1013.599976,1212400000
359,2002-06-12,1013.26001,1021.849976,1002.580017,1020.26001,1020.26001,1795720000
360,2002-06-13,1020.26001,1023.469971,1008.119995,1009.559998,1009.559998,1405500000
361,2002-06-14,1009.559998,1009.559998,981.630005,1007.27002,1007.27002,1549000000
362,2002-06-17,1007.27002,1036.170044,1007.27002,1036.170044,1036.170044,1236600000
363,2002-06-18,1036.170044,1040.829956,1030.920044,1037.140015,1037.140015,1193100000
364,2002-06-19,1037.140015,1037.609985,1017.880005,1019.98999,1019.98999,1336100000
365,2002-06-20,1019.98999,1023.330017,1004.590027,1006.289978,1006.289978,1389700000
366,2002-06-21,1006.289978,1006.289978,985.650024,989.140015,989.140015,1497200000
367,2002-06-24,989.140015,1002.109985,970.849976,992.719971,992.719971,1552600000
368,2002-06-25,992.719971,1005.880005,974.210022,976.140015,976.140015,1513700000
369,2002-06-26,976.140015,977.429993,952.919983,973.530029,973.530029,2014290000
370,2002-06-27,973.530029,990.669983,963.73999,990.640015,990.640015,1908600000
371,2002-06-28,990.640015,1001.789978,988.309998,989.820007,989.820007,2117000000
372,2002-07-01,989.820007,994.460022,967.429993,968.650024,968.650024,1425500000
373,2002-07-02,968.650024,968.650024,945.539978,948.090027,948.090027,1823000000
374,2002-07-03,948.090027,954.299988,934.869995,953.98999,953.98999,1527800000
375,2002-07-05,953.98999,989.070007,953.98999,989.030029,989.030029,699400000
376,2002-07-08,989.030029,993.559998,972.909973,976.97998,976.97998,1184400000
377,2002-07-09,976.97998,979.630005,951.710022,952.830017,952.830017,1348900000
378,2002-07-10,952.830017,956.340027,920.289978,920.469971,920.469971,1816900000
379,2002-07-11,920.469971,929.159973,900.940002,927.369995,927.369995,2080480000
380,2002-07-12,927.369995,934.309998,913.710022,921.390015,921.390015,1607400000
381,2002-07-15,921.390015,921.390015,876.460022,917.929993,917.929993,2574800000
382,2002-07-16,917.929993,918.650024,897.130005,900.940002,900.940002,1843700000
383,2002-07-17,901.049988,926.52002,895.030029,906.039978,906.039978,2566500000
384,2002-07-18,905.450012,907.799988,880.599976,881.559998,881.559998,1736300000
385,2002-07-19,881.559998,881.559998,842.070007,847.75,847.75,2654100000
386,2002-07-22,847.76001,854.130005,813.26001,819.849976,819.849976,2248060000
387,2002-07-23,819.849976,827.690002,796.130005,797.700012,797.700012,2441020000
388,2002-07-24,797.710022,844.320007,775.679993,843.429993,843.429993,2775560000
389,2002-07-25,843.419983,853.830017,816.109985,838.679993,838.679993,2424700000
390,2002-07-26,838.679993,852.849976,835.919983,852.840027,852.840027,1796100000
391,2002-07-29,852.840027,898.960022,852.840027,898.960022,898.960022,1778650000
392,2002-07-30,898.960022,909.809998,884.700012,902.780029,902.780029,1826090000
393,2002-07-31,902.780029,911.640015,889.880005,911.619995,911.619995,2049360000
394,2002-08-01,911.619995,911.619995,882.47998,884.659973,884.659973,1672200000
395,2002-08-02,884.400024,884.719971,853.950012,864.23999,864.23999,1538100000
396,2002-08-05,864.23999,864.23999,833.440002,834.599976,834.599976,1425500000
397,2002-08-06,834.599976,874.440002,834.599976,859.570007,859.570007,1514100000
398,2002-08-07,859.570007,878.73999,854.150024,876.77002,876.77002,1490400000
399,2002-08-08,876.77002,905.840027,875.169983,905.460022,905.460022,1646700000
400,2002-08-09,898.72998,913.950012,890.77002,908.640015,908.640015,1294900000
401,2002-08-12,908.640015,908.640015,892.380005,903.799988,903.799988,1036500000
402,2002-08-13,903.799988,911.710022,883.619995,884.210022,884.210022,1297700000
403,2002-08-14,884.210022,920.210022,876.200012,919.619995,919.619995,1533800000
404,2002-08-15,919.619995,933.289978,918.169983,930.25,930.25,1505100000
405,2002-08-16,930.25,935.380005,916.210022,928.77002,928.77002,1265300000
406,2002-08-19,928.77002,951.169983,927.210022,950.700012,950.700012,1299800000
407,2002-08-20,950.700012,950.700012,931.859985,937.429993,937.429993,1308500000
408,2002-08-21,937.429993,951.590027,931.320007,949.359985,949.359985,1353100000
409,2002-08-22,949.359985,965.0,946.429993,962.700012,962.700012,1373000000
410,2002-08-23,962.700012,962.700012,937.169983,940.859985,940.859985,1071500000
411,2002-08-26,940.859985,950.799988,930.419983,947.950012,947.950012,1016900000
412,2002-08-27,947.950012,955.820007,930.359985,934.820007,934.820007,1307700000
413,2002-08-28,934.820007,934.820007,913.210022,917.869995,917.869995,1146600000
414,2002-08-29,917.869995,924.590027,903.330017,917.799988,917.799988,1271100000
415,2002-08-30,917.799988,928.150024,910.169983,916.070007,916.070007,929900000
416,2002-09-03,916.070007,916.070007,877.51001,878.02002,878.02002,1289800000
417,2002-09-04,878.02002,896.099976,875.72998,893.400024,893.400024,1372100000
418,2002-09-05,893.400024,893.400024,870.5,879.150024,879.150024,1401300000
419,2002-09-06,879.150024,899.070007,879.150024,893.919983,893.919983,1184500000
420,2002-09-09,893.919983,907.340027,882.919983,902.960022,902.960022,1130600000
421,2002-09-10,902.960022,909.890015,900.5,909.580017,909.580017,1186400000
422,2002-09-11,910.630005,924.02002,908.469971,909.450012,909.450012,846600000
423,2002-09-12,909.450012,909.450012,884.840027,886.909973,886.909973,1191600000
424,2002-09-13,886.909973,892.75,877.049988,889.809998,889.809998,1271000000
425,2002-09-16,889.809998,891.840027,878.909973,891.099976,891.099976,1001400000
426,2002-09-17,891.099976,902.679993,872.380005,873.52002,873.52002,1448600000
427,2002-09-18,873.52002,878.450012,857.390015,869.460022,869.460022,1501000000
428,2002-09-19,869.460022,869.460022,843.090027,843.320007,843.320007,1524000000
429,2002-09-20,843.320007,849.320007,839.090027,845.390015,845.390015,1792800000
430,2002-09-23,845.390015,845.390015,825.76001,833.700012,833.700012,1381100000
431,2002-09-24,833.700012,833.700012,817.380005,819.289978,819.289978,1670240000
432,2002-09-25,819.27002,844.219971,818.460022,839.659973,839.659973,1651500000
433,2002-09-26,839.659973,856.599976,839.659973,854.950012,854.950012,1650000000
434,2002-09-27,854.950012,854.950012,826.840027,827.369995,827.369995,1507300000
435,2002-09-30,827.369995,827.369995,800.200012,815.280029,815.280029,1721870000
436,2002-10-01,815.280029,847.929993,812.820007,847.909973,847.909973,1780900000
437,2002-10-02,843.77002,851.929993,826.5,827.909973,827.909973,1668900000
438,2002-10-03,827.909973,840.02002,817.25,818.950012,818.950012,1674500000
439,2002-10-04,818.950012,825.900024,794.099976,800.580017,800.580017,1835930000
440,2002-10-07,800.580017,808.210022,782.960022,785.280029,785.280029,1576500000
441,2002-10-08,785.280029,808.859985,779.5,798.549988,798.549988,1938430000
442,2002-10-09,798.549988,798.549988,775.799988,776.76001,776.76001,1885030000
443,2002-10-10,776.76001,806.51001,768.630005,803.919983,803.919983,2090230000
444,2002-10-11,803.919983,843.27002,803.919983,835.320007,835.320007,1854130000
445,2002-10-14,835.320007,844.390015,828.369995,841.440002,841.440002,1200300000
446,2002-10-15,841.440002,881.27002,841.440002,881.27002,881.27002,1956000000
447,2002-10-16,881.27002,881.27002,856.280029,860.02002,860.02002,1585000000
448,2002-10-17,860.02002,885.349976,860.02002,879.200012,879.200012,1780390000
449,2002-10-18,879.200012,886.679993,866.580017,884.390015,884.390015,1423100000
450,2002-10-21,884.390015,900.690002,873.059998,899.719971,899.719971,1447000000
451,2002-10-22,899.719971,899.719971,882.400024,890.159973,890.159973,1549200000
452,2002-10-23,890.159973,896.140015,873.820007,896.140015,896.140015,1593900000
453,2002-10-24,896.140015,902.940002,879.0,882.5,882.5,1700570000
454,2002-10-25,882.5,897.710022,877.030029,897.650024,897.650024,1340400000
455,2002-10-28,897.650024,907.440002,886.150024,890.22998,890.22998,1382600000
456,2002-10-29,890.22998,890.640015,867.909973,882.150024,882.150024,1529700000
457,2002-10-30,882.150024,895.280029,879.190002,890.710022,890.710022,1422300000
458,2002-10-31,890.710022,898.830017,879.75,885.76001,885.76001,1641300000
459,2002-11-01,885.76001,903.419983,877.710022,900.960022,900.960022,1450400000
460,2002-11-04,900.960022,924.580017,900.960022,908.349976,908.349976,1645900000
461,2002-11-05,908.349976,915.830017,904.909973,915.390015,915.390015,1354100000
462,2002-11-06,915.390015,925.659973,905.0,923.76001,923.76001,1674000000
463,2002-11-07,923.76001,923.76001,898.679993,902.650024,902.650024,1466900000
464,2002-11-08,902.650024,910.109985,891.619995,894.73999,894.73999,1446500000
465,2002-11-11,894.73999,894.73999,874.630005,876.190002,876.190002,1113000000
466,2002-11-12,876.190002,894.299988,876.190002,882.950012,882.950012,1377100000
467,2002-11-13,882.950012,892.51001,872.049988,882.530029,882.530029,1463400000
468,2002-11-14,882.530029,904.27002,882.530029,904.27002,904.27002,1519000000
469,2002-11-15,904.27002,910.210022,895.349976,909.830017,909.830017,1400100000
470,2002-11-18,909.830017,915.909973,899.47998,900.359985,900.359985,1282600000
471,2002-11-19,900.359985,905.450012,893.090027,896.73999,896.73999,1337400000
472,2002-11-20,896.73999,915.01001,894.929993,914.150024,914.150024,1517300000
473,2002-11-21,914.150024,935.130005,914.150024,933.76001,933.76001,2415100000
474,2002-11-22,933.76001,937.280029,928.409973,930.549988,930.549988,1626800000
475,2002-11-25,930.549988,937.150024,923.309998,932.869995,932.869995,1574000000
476,2002-11-26,932.869995,932.869995,912.099976,913.309998,913.309998,1543600000
477,2002-11-27,913.309998,940.409973,913.309998,938.869995,938.869995,1350300000
478,2002-11-29,938.869995,941.820007,935.580017,936.309998,936.309998,643460000
479,2002-12-02,936.309998,954.280029,927.719971,934.530029,934.530029,1612000000
480,2002-12-03,934.530029,934.530029,918.72998,920.75,920.75,1488400000
481,2002-12-04,920.75,925.25,909.51001,917.580017,917.580017,1588900000
482,2002-12-05,917.580017,921.48999,905.900024,906.549988,906.549988,1250200000
483,2002-12-06,906.549988,915.47998,895.960022,912.22998,912.22998,1241100000
484,2002-12-09,912.22998,912.22998,891.969971,892.0,892.0,1320800000
485,2002-12-10,892.0,904.950012,892.0,904.450012,904.450012,1286600000
486,2002-12-11,904.450012,909.940002,896.47998,904.960022,904.960022,1285100000
487,2002-12-12,904.960022,908.369995,897.0,901.580017,901.580017,1255300000
488,2002-12-13,901.580017,901.580017,888.47998,889.47998,889.47998,1330800000
489,2002-12-16,889.47998,910.419983,889.47998,910.400024,910.400024,1271600000
490,2002-12-17,910.400024,911.219971,901.73999,902.98999,902.98999,1251800000
491,2002-12-18,902.98999,902.98999,887.820007,891.119995,891.119995,1446200000
492,2002-12-19,890.02002,899.190002,880.320007,884.25,884.25,1385900000
493,2002-12-20,884.25,897.789978,884.25,895.76001,895.76001,1782730000
494,2002-12-23,895.73999,902.429993,892.26001,897.380005,897.380005,1112100000
495,2002-12-24,897.380005,897.380005,892.289978,892.469971,892.469971,458310000
496,2002-12-26,892.469971,903.890015,887.47998,889.659973,889.659973,721100000
497,2002-12-27,889.659973,890.460022,873.619995,875.400024,875.400024,758400000
498,2002-12-30,875.400024,882.099976,870.22998,879.390015,879.390015,1057800000
499,2002-12-31,879.390015,881.929993,869.450012,879.820007,879.820007,1088500000
500,2003-01-02,879.820007,909.030029,879.820007,909.030029,909.030029,1229200000
501,2003-01-03,909.030029,911.25,903.070007,908.590027,908.590027,1130800000
502,2003-01-06,908.590027,931.77002,908.590027,929.01001,929.01001,1435900000
503,2003-01-07,929.01001,930.809998,919.929993,922.929993,922.929993,1545200000
504,2003-01-08,922.929993,922.929993,908.320007,909.929993,909.929993,1467600000
505,2003-01-09,909.929993,928.309998,909.929993,927.570007,927.570007,1560300000
506,2003-01-10,927.580017,932.890015,917.659973,927.570007,927.570007,1485400000
507,2003-01-13,927.570007,935.049988,922.049988,926.26001,926.26001,1396300000
508,2003-01-14,926.26001,931.659973,921.719971,931.659973,931.659973,1379400000
509,2003-01-15,931.659973,932.590027,916.700012,918.219971,918.219971,1432100000
510,2003-01-16,918.219971,926.030029,911.97998,914.599976,914.599976,1534600000
511,2003-01-17,914.599976,914.599976,899.02002,901.780029,901.780029,1358200000
512,2003-01-21,901.780029,906.0,887.619995,887.619995,887.619995,1335200000
513,2003-01-22,887.619995,889.73999,877.640015,878.359985,878.359985,1560800000
514,2003-01-23,878.359985,890.25,876.890015,887.340027,887.340027,1744550000
515,2003-01-24,887.340027,887.340027,859.710022,861.400024,861.400024,1574800000
516,2003-01-27,861.400024,863.950012,844.25,847.47998,847.47998,1435900000
517,2003-01-28,847.47998,860.76001,847.47998,858.539978,858.539978,1459100000
518,2003-01-29,858.539978,868.719971,845.859985,864.359985,864.359985,1595400000
519,2003-01-30,864.359985,865.47998,843.73999,844.609985,844.609985,1510300000
520,2003-01-31,844.609985,858.330017,840.340027,855.700012,855.700012,1578530000
521,2003-02-03,855.700012,864.640015,855.700012,860.320007,860.320007,1258500000
522,2003-02-04,860.320007,860.320007,840.190002,848.200012,848.200012,1451600000
523,2003-02-05,848.200012,861.630005,842.109985,843.590027,843.590027,1450800000
524,2003-02-06,843.590027,844.22998,833.25,838.150024,838.150024,1430900000
525,2003-02-07,838.150024,845.72998,826.700012,829.690002,829.690002,1276800000
526,2003-02-10,829.690002,837.159973,823.530029,835.969971,835.969971,1238200000
527,2003-02-11,835.969971,843.02002,825.090027,829.200012,829.200012,1307000000
528,2003-02-12,829.200012,832.119995,818.48999,818.679993,818.679993,1260500000
529,2003-02-13,818.679993,821.25,806.289978,817.369995,817.369995,1489300000
530,2003-02-14,817.369995,834.890015,815.030029,834.890015,834.890015,1404600000
531,2003-02-18,834.890015,852.869995,834.890015,851.169983,851.169983,1250800000
532,2003-02-19,851.169983,851.169983,838.789978,845.130005,845.130005,1075600000
533,2003-02-20,845.130005,849.369995,836.559998,837.099976,837.099976,1194100000
534,2003-02-21,837.099976,852.280029,831.47998,848.169983,848.169983,1398200000
535,2003-02-24,848.169983,848.169983,832.159973,832.580017,832.580017,1229200000
536,2003-02-25,832.580017,839.549988,818.539978,838.570007,838.570007,1483700000
537,2003-02-26,838.570007,840.099976,826.679993,827.549988,827.549988,1374400000
538,2003-02-27,827.549988,842.190002,827.549988,837.280029,837.280029,1287800000
539,2003-02-28,837.280029,847.0,837.280029,841.150024,841.150024,1373300000
540,2003-03-03,841.150024,852.340027,832.73999,834.809998,834.809998,1208900000
541,2003-03-04,834.809998,835.429993,821.960022,821.98999,821.98999,1256600000
542,2003-03-05,821.98999,829.869995,819.0,829.849976,829.849976,1332700000
543,2003-03-06,829.849976,829.849976,819.849976,822.099976,822.099976,1299200000
544,2003-03-07,822.099976,829.549988,811.22998,828.890015,828.890015,1368500000
545,2003-03-10,828.890015,828.890015,806.570007,807.47998,807.47998,1255000000
546,2003-03-11,807.47998,814.25,800.299988,800.72998,800.72998,1427700000
547,2003-03-12,800.72998,804.190002,788.900024,804.190002,804.190002,1620000000
548,2003-03-13,804.190002,832.02002,804.190002,831.900024,831.900024,1816300000
549,2003-03-14,831.890015,841.390015,828.26001,833.27002,833.27002,1541900000
550,2003-03-17,833.27002,862.789978,827.169983,862.789978,862.789978,1700420000
551,2003-03-18,862.789978,866.940002,857.359985,866.450012,866.450012,1555100000
552,2003-03-19,866.450012,874.98999,861.210022,874.02002,874.02002,1473400000
553,2003-03-20,874.02002,879.599976,859.01001,875.669983,875.669983,1439100000
554,2003-03-21,875.840027,895.900024,875.840027,895.789978,895.789978,1883710000
555,2003-03-24,895.789978,895.789978,862.02002,864.22998,864.22998,1293000000
556,2003-03-25,864.22998,879.869995,862.590027,874.73999,874.73999,1333400000
557,2003-03-26,874.73999,875.799988,866.469971,869.950012,869.950012,1319700000
558,2003-03-27,869.950012,874.150024,858.090027,868.52002,868.52002,1232900000
559,2003-03-28,868.52002,869.880005,860.830017,863.5,863.5,1227000000
560,2003-03-31,863.5,863.5,843.679993,848.179993,848.179993,1495500000
561,2003-04-01,848.179993,861.280029,847.849976,858.47998,858.47998,1461600000
562,2003-04-02,858.47998,884.570007,858.47998,880.900024,880.900024,1589800000
563,2003-04-03,880.900024,885.890015,876.119995,876.450012,876.450012,1339500000
564,2003-04-04,876.450012,882.72998,874.22998,878.849976,878.849976,1241200000
565,2003-04-07,878.849976,904.890015,878.849976,879.929993,879.929993,1494000000
566,2003-04-08,879.929993,883.109985,874.679993,878.289978,878.289978,1235400000
567,2003-04-09,878.289978,887.349976,865.719971,865.98999,865.98999,1293700000
568,2003-04-10,865.98999,871.780029,862.76001,871.580017,871.580017,1275300000
569,2003-04-11,871.580017,883.340027,865.919983,868.299988,868.299988,1141600000
570,2003-04-14,868.299988,885.26001,868.299988,885.22998,885.22998,1131000000
571,2003-04-15,885.22998,891.27002,881.849976,890.809998,890.809998,1460200000
572,2003-04-16,890.809998,896.77002,877.929993,879.909973,879.909973,1587600000
573,2003-04-17,879.909973,893.830017,879.200012,893.580017,893.580017,1430600000
574,2003-04-21,893.580017,898.01001,888.169983,892.01001,892.01001,1118700000
575,2003-04-22,892.01001,911.73999,886.700012,911.369995,911.369995,1631200000
576,2003-04-23,911.369995,919.73999,909.890015,919.02002,919.02002,1667200000
577,2003-04-24,919.02002,919.02002,906.690002,911.429993,911.429993,1648100000
578,2003-04-25,911.429993,911.429993,897.52002,898.809998,898.809998,1335800000
579,2003-04-28,898.809998,918.150024,898.809998,914.840027,914.840027,1273000000
580,2003-04-29,914.840027,924.23999,911.099976,917.840027,917.840027,1525600000
581,2003-04-30,917.840027,922.01001,911.700012,916.919983,916.919983,1788510000
582,2003-05-01,916.919983,919.679993,902.830017,916.299988,916.299988,1397500000
583,2003-05-02,916.299988,930.559998,912.349976,930.080017,930.080017,1554300000
584,2003-05-05,930.080017,933.880005,924.549988,926.549988,926.549988,1446300000
585,2003-05-06,926.549988,939.609985,926.380005,934.390015,934.390015,1649600000
586,2003-05-07,934.390015,937.219971,926.409973,929.619995,929.619995,1531900000
587,2003-05-08,929.619995,929.619995,919.719971,920.27002,920.27002,1379600000
588,2003-05-09,920.27002,933.77002,920.27002,933.409973,933.409973,1326100000
589,2003-05-12,933.409973,946.840027,929.299988,945.109985,945.109985,1378800000
590,2003-05-13,945.109985,947.51001,938.909973,942.299988,942.299988,1418100000
591,2003-05-14,942.299988,947.289978,935.23999,939.280029,939.280029,1401800000
592,2003-05-15,939.280029,948.22998,938.789978,946.669983,946.669983,1508700000
593,2003-05-16,946.669983,948.650024,938.599976,944.299988,944.299988,1505500000
594,2003-05-19,944.299988,944.299988,920.22998,920.77002,920.77002,1375700000
595,2003-05-20,920.77002,925.340027,912.049988,919.72998,919.72998,1505300000
596,2003-05-21,919.72998,923.849976,914.909973,923.419983,923.419983,1457800000
597,2003-05-22,923.419983,935.299988,922.539978,931.869995,931.869995,1448500000
598,2003-05-23,931.869995,935.200012,927.419983,933.219971,933.219971,1201000000
599,2003-05-27,933.219971,952.76001,927.330017,951.47998,951.47998,1532000000
600,2003-05-28,951.47998,959.390015,950.119995,953.219971,953.219971,1559000000
601,2003-05-29,953.219971,962.080017,946.22998,949.640015,949.640015,1685800000
602,2003-05-30,949.640015,965.380005,949.640015,963.590027,963.590027,1688800000
603,2003-06-02,963.590027,979.109985,963.590027,967.0,967.0,1662500000
604,2003-06-03,967.0,973.02002,964.469971,971.559998,971.559998,1450200000
605,2003-06-04,971.559998,987.849976,970.719971,986.23999,986.23999,1618700000
606,2003-06-05,986.23999,990.140015,978.130005,990.140015,990.140015,1693100000
607,2003-06-06,990.140015,1007.690002,986.01001,987.76001,987.76001,1837200000
608,2003-06-09,987.76001,987.76001,972.590027,975.929993,975.929993,1307000000
609,2003-06-10,975.929993,984.840027,975.929993,984.840027,984.840027,1275400000
610,2003-06-11,984.840027,997.47998,981.609985,997.47998,997.47998,1520000000
611,2003-06-12,997.47998,1002.73999,991.27002,998.51001,998.51001,1553100000
612,2003-06-13,998.51001,1000.919983,984.27002,988.609985,988.609985,1271600000
613,2003-06-16,988.609985,1010.859985,988.609985,1010.73999,1010.73999,1345900000
614,2003-06-17,1010.73999,1015.330017,1007.039978,1011.659973,1011.659973,1479700000
615,2003-06-18,1011.659973,1015.119995,1004.609985,1010.090027,1010.090027,1488900000
616,2003-06-19,1010.090027,1011.219971,993.080017,994.700012,994.700012,1530100000
617,2003-06-20,994.700012,1002.090027,993.359985,995.690002,995.690002,1698000000
618,2003-06-23,995.690002,995.690002,977.400024,981.640015,981.640015,1398100000
619,2003-06-24,981.640015,987.840027,979.080017,983.450012,983.450012,1388300000
620,2003-06-25,983.450012,991.640015,974.859985,975.320007,975.320007,1459200000
621,2003-06-26,975.320007,986.530029,973.799988,985.820007,985.820007,1387400000
622,2003-06-27,985.820007,988.880005,974.289978,976.219971,976.219971,1267800000
623,2003-06-30,976.219971,983.609985,973.599976,974.5,974.5,1587200000
624,2003-07-01,974.5,983.26001,962.099976,982.320007,982.320007,1460200000
625,2003-07-02,982.320007,993.780029,982.320007,993.75,993.75,1519300000
626,2003-07-03,993.75,995.0,983.340027,985.700012,985.700012,775900000
627,2003-07-07,985.700012,1005.559998,985.700012,1004.419983,1004.419983,1429100000
628,2003-07-08,1004.419983,1008.919983,998.72998,1007.840027,1007.840027,1565700000
629,2003-07-09,1007.840027,1010.429993,998.169983,1002.210022,1002.210022,1618000000
630,2003-07-10,1002.210022,1002.210022,983.630005,988.700012,988.700012,1465700000
631,2003-07-11,988.700012,1000.859985,988.700012,998.140015,998.140015,1212700000
632,2003-07-14,998.140015,1015.409973,998.140015,1003.859985,1003.859985,1448900000
633,2003-07-15,1003.859985,1009.609985,996.669983,1000.419983,1000.419983,1518600000
634,2003-07-16,1000.419983,1003.469971,989.299988,994.090027,994.090027,1662000000
635,2003-07-17,994.0,994.0,978.599976,981.72998,981.72998,1661400000
636,2003-07-18,981.72998,994.25,981.710022,993.320007,993.320007,1365200000
637,2003-07-21,993.320007,993.320007,975.630005,978.799988,978.799988,1254200000
638,2003-07-22,978.799988,990.289978,976.080017,988.109985,988.109985,1439700000
639,2003-07-23,988.109985,989.859985,979.789978,988.609985,988.609985,1362700000
640,2003-07-24,988.609985,998.890015,981.070007,981.599976,981.599976,1559000000
641,2003-07-25,981.599976,998.710022,977.48999,998.679993,998.679993,1397500000
642,2003-07-28,998.679993,1000.679993,993.590027,996.52002,996.52002,1328600000
643,2003-07-29,996.52002,998.640015,984.150024,989.280029,989.280029,1508900000
644,2003-07-30,989.280029,992.619995,985.960022,987.48999,987.48999,1391900000
645,2003-07-31,987.48999,1004.590027,987.48999,990.309998,990.309998,1608000000
646,2003-08-01,990.309998,990.309998,978.859985,980.150024,980.150024,1390600000
647,2003-08-04,980.150024,985.75,966.789978,982.820007,982.820007,1318700000
648,2003-08-05,982.820007,982.820007,964.969971,965.460022,965.460022,1351700000
649,2003-08-06,965.460022,975.73999,960.840027,967.080017,967.080017,1491000000
650,2003-08-07,967.080017,974.890015,963.820007,974.119995,974.119995,1389300000
651,2003-08-08,974.119995,980.570007,973.830017,977.590027,977.590027,1086600000
652,2003-08-11,977.590027,985.460022,974.210022,980.590027,980.590027,1022200000
653,2003-08-12,980.590027,990.409973,979.900024,990.349976,990.349976,1132300000
654,2003-08-13,990.349976,992.5,980.849976,984.030029,984.030029,1208800000
655,2003-08-14,984.030029,991.909973,980.359985,990.51001,990.51001,1186800000
656,2003-08-15,990.51001,992.390015,987.099976,990.669983,990.669983,636370000
657,2003-08-18,990.669983,1000.349976,990.669983,999.73999,999.73999,1127600000
658,2003-08-19,999.73999,1003.299988,995.299988,1002.349976,1002.349976,1300600000
659,2003-08-20,1002.349976,1003.539978,996.619995,1000.299988,1000.299988,1210800000
660,2003-08-21,1000.299988,1009.530029,999.330017,1003.27002,1003.27002,1407100000
661,2003-08-22,1003.27002,1011.01001,992.619995,993.059998,993.059998,1308900000
662,2003-08-25,993.059998,993.710022,987.909973,993.710022,993.710022,971700000
663,2003-08-26,993.710022,997.929993,983.570007,996.72998,996.72998,1178700000
664,2003-08-27,996.72998,998.049988,993.330017,996.789978,996.789978,1051400000
665,2003-08-28,996.789978,1004.119995,991.419983,1002.840027,1002.840027,1165200000
666,2003-08-29,1002.840027,1008.849976,999.52002,1008.01001,1008.01001,945100000
667,2003-09-02,1008.01001,1022.590027,1005.72998,1021.98999,1021.98999,1470500000
668,2003-09-03,1021.98999,1029.339966,1021.98999,1026.27002,1026.27002,1675600000
669,2003-09-04,1026.27002,1029.170044,1022.190002,1027.969971,1027.969971,1453900000
670,2003-09-05,1027.969971,1029.209961,1018.190002,1021.390015,1021.390015,1465200000
671,2003-09-08,1021.390015,1032.410034,1021.390015,1031.640015,1031.640015,1299300000
672,2003-09-09,1031.640015,1031.640015,1021.140015,1023.169983,1023.169983,1414800000
673,2003-09-10,1023.169983,1023.169983,1009.73999,1010.919983,1010.919983,1582100000
674,2003-09-11,1010.919983,1020.880005,1010.919983,1016.419983,1016.419983,1335900000
675,2003-09-12,1016.419983,1019.650024,1007.710022,1018.630005,1018.630005,1236700000
676,2003-09-15,1018.630005,1019.789978,1013.590027,1014.809998,1014.809998,1151300000
677,2003-09-16,1014.809998,1029.660034,1014.809998,1029.319946,1029.319946,1403200000
678,2003-09-17,1029.319946,1031.339966,1024.530029,1025.969971,1025.969971,1338210000
679,2003-09-18,1025.969971,1040.160034,1025.75,1039.579956,1039.579956,1498800000
680,2003-09-19,1039.579956,1040.290039,1031.890015,1036.300049,1036.300049,1518600000
681,2003-09-22,1036.300049,1036.300049,1018.299988,1022.820007,1022.820007,1278800000
682,2003-09-23,1022.820007,1030.119995,1021.539978,1029.030029,1029.030029,1301700000
683,2003-09-24,1029.030029,1029.829956,1008.929993,1009.380005,1009.380005,1556000000
684,2003-09-25,1009.380005,1015.969971,1003.26001,1003.27002,1003.27002,1530000000
685,2003-09-26,1003.27002,1003.450012,996.080017,996.849976,996.849976,1472500000
686,2003-09-29,996.849976,1006.890015,995.309998,1006.580017,1006.580017,1366500000
687,2003-09-30,1006.580017,1006.580017,990.359985,995.969971,995.969971,1590500000
688,2003-10-01,995.969971,1018.219971,995.969971,1018.219971,1018.219971,1566300000
689,2003-10-02,1018.219971,1021.869995,1013.380005,1020.23999,1020.23999,1269300000
690,2003-10-03,1020.23999,1039.310059,1020.23999,1029.849976,1029.849976,1570500000
691,2003-10-06,1029.849976,1036.47998,1029.150024,1034.349976,1034.349976,1025800000
692,2003-10-07,1034.349976,1039.25,1026.27002,1039.25,1039.25,1279500000
693,2003-10-08,1039.25,1040.060059,1030.959961,1033.780029,1033.780029,1262500000
694,2003-10-09,1033.780029,1048.280029,1033.780029,1038.72998,1038.72998,1578700000
695,2003-10-10,1038.72998,1040.839966,1035.73999,1038.060059,1038.060059,1108100000
696,2003-10-13,1038.060059,1048.900024,1038.060059,1045.349976,1045.349976,1040500000
697,2003-10-14,1045.349976,1049.48999,1040.839966,1049.47998,1049.47998,1271900000
698,2003-10-15,1049.47998,1053.790039,1043.150024,1046.76001,1046.76001,1521100000
699,2003-10-16,1046.76001,1052.939941,1044.040039,1050.069946,1050.069946,1417700000
700,2003-10-17,1050.069946,1051.890015,1036.569946,1039.319946,1039.319946,1352000000
701,2003-10-20,1039.319946,1044.689941,1036.130005,1044.680054,1044.680054,1172600000
702,2003-10-21,1044.680054,1048.569946,1042.589966,1046.030029,1046.030029,1498000000
703,2003-10-22,1046.030029,1046.030029,1028.390015,1030.359985,1030.359985,1647200000
704,2003-10-23,1030.359985,1035.439941,1025.890015,1033.77002,1033.77002,1604300000
705,2003-10-24,1033.77002,1033.77002,1018.320007,1028.910034,1028.910034,1420300000
706,2003-10-27,1028.910034,1037.75,1028.910034,1031.130005,1031.130005,1371800000
707,2003-10-28,1031.130005,1046.790039,1031.130005,1046.790039,1046.790039,1629200000
708,2003-10-29,1046.790039,1049.829956,1043.349976,1048.109985,1048.109985,1562600000
709,2003-10-30,1048.109985,1052.810059,1043.819946,1046.939941,1046.939941,1629700000
710,2003-10-31,1046.939941,1053.089966,1046.939941,1050.709961,1050.709961,1498900000
711,2003-11-03,1050.709961,1061.439941,1050.709961,1059.02002,1059.02002,1378200000
712,2003-11-04,1059.02002,1059.02002,1051.699951,1053.25,1053.25,1417600000
713,2003-11-05,1053.25,1054.540039,1044.880005,1051.810059,1051.810059,1401800000
714,2003-11-06,1051.810059,1058.939941,1046.930054,1058.050049,1058.050049,1453900000
715,2003-11-07,1058.050049,1062.390015,1052.170044,1053.209961,1053.209961,1440500000
716,2003-11-10,1053.209961,1053.650024,1045.579956,1047.109985,1047.109985,1243600000
717,2003-11-11,1047.109985,1048.22998,1043.459961,1046.569946,1046.569946,1162500000
718,2003-11-12,1046.569946,1059.099976,1046.569946,1058.530029,1058.530029,1349300000
719,2003-11-13,1058.560059,1059.619995,1052.959961,1058.410034,1058.410034,1383000000
720,2003-11-14,1058.410034,1063.650024,1048.109985,1050.349976,1050.349976,1356100000
721,2003-11-17,1050.349976,1050.349976,1035.280029,1043.630005,1043.630005,1374300000
722,2003-11-18,1043.630005,1048.77002,1034.0,1034.150024,1034.150024,1354300000
723,2003-11-19,1034.150024,1043.949951,1034.150024,1042.439941,1042.439941,1326200000
724,2003-11-20,1042.439941,1046.47998,1033.420044,1033.650024,1033.650024,1326700000
725,2003-11-21,1033.650024,1037.569946,1031.199951,1035.280029,1035.280029,1273800000
726,2003-11-24,1035.280029,1052.079956,1035.280029,1052.079956,1052.079956,1302800000
727,2003-11-25,1052.079956,1058.050049,1049.310059,1053.890015,1053.890015,1333700000
728,2003-11-26,1053.890015,1058.449951,1048.280029,1058.449951,1058.449951,1097700000
729,2003-11-28,1058.449951,1060.630005,1056.77002,1058.199951,1058.199951,487220000
730,2003-12-01,1058.199951,1070.469971,1058.199951,1070.119995,1070.119995,1375000000
731,2003-12-02,1070.119995,1071.219971,1065.219971,1066.619995,1066.619995,1383200000
732,2003-12-03,1066.619995,1074.300049,1064.630005,1064.72998,1064.72998,1441700000
733,2003-12-04,1064.72998,1070.369995,1063.150024,1069.719971,1069.719971,1463100000
734,2003-12-05,1069.719971,1069.719971,1060.089966,1061.5,1061.5,1265900000
735,2003-12-08,1061.5,1069.589966,1060.930054,1069.300049,1069.300049,1218900000
736,2003-12-09,1069.300049,1071.939941,1059.160034,1060.180054,1060.180054,1465500000
737,2003-12-10,1060.180054,1063.02002,1053.410034,1059.050049,1059.050049,1444000000
738,2003-12-11,1059.050049,1073.630005,1059.050049,1071.209961,1071.209961,1441100000
739,2003-12-12,1071.209961,1074.76001,1067.640015,1074.140015,1074.140015,1223100000
740,2003-12-15,1074.140015,1082.790039,1068.0,1068.040039,1068.040039,1520800000
741,2003-12-16,1068.040039,1075.939941,1068.040039,1075.130005,1075.130005,1547900000
742,2003-12-17,1075.130005,1076.540039,1071.140015,1076.47998,1076.47998,1441700000
743,2003-12-18,1076.47998,1089.5,1076.47998,1089.180054,1089.180054,1579900000
744,2003-12-19,1089.180054,1091.060059,1084.189941,1088.660034,1088.660034,1657300000
745,2003-12-22,1088.660034,1092.939941,1086.140015,1092.939941,1092.939941,1251700000
746,2003-12-23,1092.939941,1096.949951,1091.72998,1096.02002,1096.02002,1145300000
747,2003-12-24,1096.02002,1096.400024,1092.72998,1094.040039,1094.040039,518060000
748,2003-12-26,1094.040039,1098.469971,1094.040039,1095.890015,1095.890015,356070000
749,2003-12-29,1095.890015,1109.47998,1095.890015,1109.47998,1109.47998,1058800000
750,2003-12-30,1109.47998,1109.75,1106.410034,1109.640015,1109.640015,1012600000
751,2003-12-31,1109.640015,1112.560059,1106.209961,1111.920044,1111.920044,1027500000
752,2004-01-02,1111.920044,1118.849976,1105.079956,1108.47998,1108.47998,1153200000
753,2004-01-05,1108.47998,1122.219971,1108.47998,1122.219971,1122.219971,1578200000
754,2004-01-06,1122.219971,1124.459961,1118.439941,1123.670044,1123.670044,1494500000
755,2004-01-07,1123.670044,1126.329956,1116.449951,1126.329956,1126.329956,1704900000
756,2004-01-08,1126.329956,1131.920044,1124.910034,1131.920044,1131.920044,1868400000
757,2004-01-09,1131.920044,1131.920044,1120.900024,1121.859985,1121.859985,1720700000
758,2004-01-12,1121.859985,1127.849976,1120.900024,1127.22998,1127.22998,1510200000
759,2004-01-13,1127.22998,1129.069946,1115.189941,1121.219971,1121.219971,1595900000
760,2004-01-14,1121.219971,1130.75,1121.219971,1130.52002,1130.52002,1514600000
761,2004-01-15,1130.52002,1137.109985,1124.540039,1132.050049,1132.050049,1695000000
762,2004-01-16,1132.050049,1139.829956,1132.050049,1139.829956,1139.829956,1721100000
763,2004-01-20,1139.829956,1142.930054,1135.400024,1138.77002,1138.77002,1698200000
764,2004-01-21,1138.77002,1149.209961,1134.619995,1147.619995,1147.619995,1757600000
765,2004-01-22,1147.619995,1150.51001,1143.01001,1143.939941,1143.939941,1693700000
766,2004-01-23,1143.939941,1150.310059,1136.849976,1141.550049,1141.550049,1561200000
767,2004-01-26,1141.550049,1155.380005,1141.0,1155.369995,1155.369995,1480600000
768,2004-01-27,1155.369995,1155.369995,1144.050049,1144.050049,1144.050049,1673100000
769,2004-01-28,1144.050049,1149.140015,1126.5,1128.47998,1128.47998,1842000000
770,2004-01-29,1128.47998,1134.390015,1122.380005,1134.109985,1134.109985,1921900000
771,2004-01-30,1134.109985,1134.170044,1127.72998,1131.130005,1131.130005,1635000000
772,2004-02-02,1131.130005,1142.449951,1127.869995,1135.26001,1135.26001,1599200000
773,2004-02-03,1135.26001,1137.439941,1131.329956,1136.030029,1136.030029,1476900000
774,2004-02-04,1136.030029,1136.030029,1124.73999,1126.52002,1126.52002,1634800000
775,2004-02-05,1126.52002,1131.170044,1124.439941,1128.589966,1128.589966,1566600000
776,2004-02-06,1128.589966,1142.790039,1128.390015,1142.76001,1142.76001,1477600000
777,2004-02-09,1142.76001,1144.459961,1139.209961,1139.810059,1139.810059,1303500000
778,2004-02-10,1139.810059,1147.02002,1138.699951,1145.540039,1145.540039,1403900000
779,2004-02-11,1145.540039,1158.890015,1142.329956,1157.76001,1157.76001,1699300000
780,2004-02-12,1157.76001,1157.76001,1151.439941,1152.109985,1152.109985,1464300000
781,2004-02-13,1152.109985,1156.880005,1143.23999,1145.810059,1145.810059,1329200000
782,2004-02-17,1145.810059,1158.97998,1145.810059,1156.98999,1156.98999,1396500000
783,2004-02-18,1156.98999,1157.400024,1149.540039,1151.819946,1151.819946,1382400000
784,2004-02-19,1151.819946,1158.569946,1146.849976,1147.060059,1147.060059,1562800000
785,2004-02-20,1147.060059,1149.810059,1139.0,1144.109985,1144.109985,1479600000
786,2004-02-23,1144.109985,1146.689941,1136.97998,1140.98999,1140.98999,1380400000
787,2004-02-24,1140.98999,1144.540039,1134.430054,1139.089966,1139.089966,1543600000
788,2004-02-25,1139.089966,1145.23999,1138.959961,1143.670044,1143.670044,1360700000
789,2004-02-26,1143.670044,1147.22998,1138.619995,1144.910034,1144.910034,1383900000
790,2004-02-27,1145.800049,1151.680054,1141.800049,1144.939941,1144.939941,1540400000
791,2004-03-01,1144.939941,1157.449951,1144.939941,1155.969971,1155.969971,1497100000
792,2004-03-02,1155.969971,1156.540039,1147.310059,1149.099976,1149.099976,1476000000
793,2004-03-03,1149.099976,1152.439941,1143.780029,1151.030029,1151.030029,1334500000
794,2004-03-04,1151.030029,1154.969971,1149.810059,1154.869995,1154.869995,1265800000
795,2004-03-05,1154.869995,1163.22998,1148.77002,1156.859985,1156.859985,1398200000
796,2004-03-08,1156.859985,1159.939941,1146.969971,1147.199951,1147.199951,1254400000
797,2004-03-09,1147.199951,1147.319946,1136.839966,1140.579956,1140.579956,1499400000
798,2004-03-10,1140.579956,1141.449951,1122.530029,1123.890015,1123.890015,1648400000
799,2004-03-11,1123.890015,1125.959961,1105.869995,1106.780029,1106.780029,1889900000
800,2004-03-12,1106.780029,1120.630005,1106.780029,1120.569946,1120.569946,1388500000
801,2004-03-15,1120.569946,1120.569946,1103.359985,1104.48999,1104.48999,1600600000
802,2004-03-16,1104.48999,1113.76001,1102.609985,1110.699951,1110.699951,1500700000
803,2004-03-17,1110.699951,1125.76001,1110.699951,1123.75,1123.75,1490100000
804,2004-03-18,1123.75,1125.5,1113.25,1122.319946,1122.319946,1369200000
805,2004-03-19,1122.319946,1122.719971,1109.689941,1109.780029,1109.780029,1457400000
806,2004-03-22,1109.780029,1109.780029,1089.540039,1095.400024,1095.400024,1452300000
807,2004-03-23,1095.400024,1101.52002,1091.569946,1093.949951,1093.949951,1458200000
808,2004-03-24,1093.949951,1098.319946,1087.160034,1091.329956,1091.329956,1527800000
809,2004-03-25,1091.329956,1110.380005,1091.329956,1109.189941,1109.189941,1471700000
810,2004-03-26,1109.189941,1115.27002,1106.130005,1108.060059,1108.060059,1319100000
811,2004-03-29,1108.060059,1124.369995,1108.060059,1122.469971,1122.469971,1405500000
812,2004-03-30,1122.469971,1127.599976,1119.660034,1127.0,1127.0,1332400000
813,2004-03-31,1127.0,1130.829956,1121.459961,1126.209961,1126.209961,1560700000
814,2004-04-01,1126.209961,1135.670044,1126.199951,1132.170044,1132.170044,1560700000
815,2004-04-02,1132.170044,1144.810059,1132.170044,1141.810059,1141.810059,1629200000
816,2004-04-05,1141.810059,1150.569946,1141.640015,1150.569946,1150.569946,1413700000
817,2004-04-06,1150.569946,1150.569946,1143.300049,1148.160034,1148.160034,1397700000
818,2004-04-07,1148.160034,1148.160034,1138.410034,1140.530029,1140.530029,1458800000
819,2004-04-08,1140.530029,1148.969971,1134.52002,1139.319946,1139.319946,1199800000
820,2004-04-12,1139.319946,1147.290039,1139.319946,1145.199951,1145.199951,1102400000
821,2004-04-13,1145.199951,1147.780029,1127.699951,1129.439941,1129.439941,1423200000
822,2004-04-14,1129.439941,1132.52002,1122.150024,1128.170044,1128.170044,1547700000
823,2004-04-15,1128.170044,1134.079956,1120.75,1128.839966,1128.839966,1568700000
824,2004-04-16,1128.839966,1136.800049,1126.900024,1134.609985,1134.609985,1487800000
825,2004-04-19,1134.560059,1136.180054,1129.839966,1135.819946,1135.819946,1194900000
826,2004-04-20,1135.819946,1139.26001,1118.089966,1118.150024,1118.150024,1508500000
827,2004-04-21,1118.150024,1125.719971,1116.030029,1124.089966,1124.089966,1738100000
828,2004-04-22,1124.089966,1142.77002,1121.949951,1139.930054,1139.930054,1826700000
829,2004-04-23,1139.930054,1141.920044,1134.810059,1140.599976,1140.599976,1396100000
830,2004-04-26,1140.599976,1145.079956,1132.910034,1135.530029,1135.530029,1290600000
831,2004-04-27,1135.530029,1146.560059,1135.530029,1138.109985,1138.109985,1518000000
832,2004-04-28,1138.109985,1138.109985,1121.699951,1122.410034,1122.410034,1855600000
833,2004-04-29,1122.410034,1128.800049,1108.040039,1113.890015,1113.890015,1859000000
834,2004-04-30,1113.890015,1119.26001,1107.22998,1107.300049,1107.300049,1634700000
835,2004-05-03,1107.300049,1118.719971,1107.300049,1117.48999,1117.48999,1571600000
836,2004-05-04,1117.48999,1127.73999,1112.890015,1119.550049,1119.550049,1662100000
837,2004-05-05,1119.550049,1125.069946,1117.900024,1121.530029,1121.530029,1469000000
838,2004-05-06,1121.530029,1121.530029,1106.300049,1113.98999,1113.98999,1509300000
839,2004-05-07,1113.98999,1117.300049,1098.630005,1098.699951,1098.699951,1653600000
840,2004-05-10,1098.699951,1098.699951,1079.630005,1087.119995,1087.119995,1918400000
841,2004-05-11,1087.119995,1095.689941,1087.119995,1095.449951,1095.449951,1533800000
842,2004-05-12,1095.449951,1097.550049,1076.319946,1097.280029,1097.280029,1697600000
843,2004-05-13,1097.280029,1102.77002,1091.76001,1096.439941,1096.439941,1411100000
844,2004-05-14,1096.439941,1102.099976,1088.23999,1095.699951,1095.699951,1335900000
845,2004-05-17,1095.699951,1095.699951,1079.359985,1084.099976,1084.099976,1430100000
846,2004-05-18,1084.099976,1094.099976,1084.099976,1091.48999,1091.48999,1353000000
847,2004-05-19,1091.48999,1105.930054,1088.48999,1088.680054,1088.680054,1548600000
848,2004-05-20,1088.680054,1092.619995,1085.430054,1089.189941,1089.189941,1211000000
849,2004-05-21,1089.189941,1099.640015,1089.189941,1093.560059,1093.560059,1258600000
850,2004-05-24,1093.560059,1101.280029,1091.77002,1095.410034,1095.410034,1227500000
851,2004-05-25,1095.410034,1113.800049,1090.73999,1113.050049,1113.050049,1545700000
852,2004-05-26,1113.050049,1116.709961,1109.910034,1114.939941,1114.939941,1369400000
853,2004-05-27,1114.939941,1123.949951,1114.859985,1121.280029,1121.280029,1447500000
854,2004-05-28,1121.280029,1122.689941,1118.099976,1120.680054,1120.680054,1172600000
855,2004-06-01,1120.680054,1122.699951,1113.319946,1121.199951,1121.199951,1238000000
856,2004-06-02,1121.199951,1128.099976,1118.640015,1124.98999,1124.98999,1251700000
857,2004-06-03,1124.98999,1125.310059,1116.569946,1116.640015,1116.640015,1232400000
858,2004-06-04,1116.640015,1129.170044,1116.640015,1122.5,1122.5,1115300000
859,2004-06-07,1122.5,1140.540039,1122.5,1140.420044,1140.420044,1211800000
860,2004-06-08,1140.420044,1142.180054,1135.449951,1142.180054,1142.180054,1190300000
861,2004-06-09,1142.180054,1142.180054,1131.170044,1131.329956,1131.329956,1276800000
862,2004-06-10,1131.329956,1136.469971,1131.329956,1136.469971,1136.469971,1160600000
863,2004-06-14,1136.469971,1136.469971,1122.160034,1125.290039,1125.290039,1179400000
864,2004-06-15,1125.290039,1137.359985,1125.290039,1132.01001,1132.01001,1345900000
865,2004-06-16,1132.01001,1135.280029,1130.550049,1133.560059,1133.560059,1168400000
866,2004-06-17,1133.560059,1133.560059,1126.890015,1132.050049,1132.050049,1296700000
867,2004-06-18,1132.050049,1138.959961,1129.829956,1135.02002,1135.02002,1500600000
868,2004-06-21,1135.02002,1138.050049,1129.640015,1130.300049,1130.300049,1123900000
869,2004-06-22,1130.300049,1135.050049,1124.369995,1134.410034,1134.410034,1382300000
870,2004-06-23,1134.410034,1145.150024,1131.72998,1144.060059,1144.060059,1444200000
871,2004-06-24,1144.060059,1146.339966,1139.939941,1140.650024,1140.650024,1394900000
872,2004-06-25,1140.650024,1145.969971,1134.23999,1134.430054,1134.430054,1812900000
873,2004-06-28,1134.430054,1142.599976,1131.719971,1133.349976,1133.349976,1354600000
874,2004-06-29,1133.349976,1138.26001,1131.810059,1136.199951,1136.199951,1375000000
875,2004-06-30,1136.199951,1144.199951,1133.619995,1140.839966,1140.839966,1473800000
876,2004-07-01,1140.839966,1140.839966,1123.060059,1128.939941,1128.939941,1495700000
877,2004-07-02,1128.939941,1129.150024,1123.26001,1125.380005,1125.380005,1085000000
878,2004-07-06,1125.380005,1125.380005,1113.209961,1116.209961,1116.209961,1283300000
879,2004-07-07,1116.209961,1122.369995,1114.920044,1118.329956,1118.329956,1328600000
880,2004-07-08,1118.329956,1119.119995,1108.719971,1109.109985,1109.109985,1401100000
881,2004-07-09,1109.109985,1115.569946,1109.109985,1112.810059,1112.810059,1186300000
882,2004-07-12,1112.810059,1116.109985,1106.709961,1114.349976,1114.349976,1114600000
883,2004-07-13,1114.349976,1116.300049,1112.98999,1115.140015,1115.140015,1199700000
884,2004-07-14,1115.140015,1119.599976,1107.829956,1111.469971,1111.469971,1462000000
885,2004-07-15,1111.469971,1114.630005,1106.670044,1106.689941,1106.689941,1408700000
886,2004-07-16,1106.689941,1112.170044,1101.069946,1101.390015,1101.390015,1450300000
887,2004-07-19,1101.390015,1105.52002,1096.550049,1100.900024,1100.900024,1319900000
888,2004-07-20,1100.900024,1108.880005,1099.099976,1108.670044,1108.670044,1445800000
889,2004-07-21,1108.670044,1116.27002,1093.880005,1093.880005,1093.880005,1679500000
890,2004-07-22,1093.880005,1099.660034,1084.160034,1096.839966,1096.839966,1680800000
891,2004-07-23,1096.839966,1096.839966,1083.560059,1086.199951,1086.199951,1337500000
892,2004-07-26,1086.199951,1089.819946,1078.780029,1084.069946,1084.069946,1413400000
893,2004-07-27,1084.069946,1096.650024,1084.069946,1094.829956,1094.829956,1610800000
894,2004-07-28,1094.829956,1098.839966,1082.170044,1095.420044,1095.420044,1554300000
895,2004-07-29,1095.420044,1103.51001,1095.420044,1100.430054,1100.430054,1530100000
896,2004-07-30,1100.430054,1103.72998,1096.959961,1101.719971,1101.719971,1298200000
897,2004-08-02,1101.719971,1108.599976,1097.339966,1106.619995,1106.619995,1276000000
898,2004-08-03,1106.619995,1106.619995,1099.26001,1099.689941,1099.689941,1338300000
899,2004-08-04,1099.689941,1102.449951,1092.400024,1098.630005,1098.630005,1369200000
900,2004-08-05,1098.630005,1098.790039,1079.97998,1080.699951,1080.699951,1397400000
901,2004-08-06,1080.699951,1080.699951,1062.22998,1063.969971,1063.969971,1521000000
902,2004-08-09,1063.969971,1069.459961,1063.969971,1065.219971,1065.219971,1086000000
903,2004-08-10,1065.219971,1079.040039,1065.219971,1079.040039,1079.040039,1245600000
904,2004-08-11,1079.040039,1079.040039,1065.920044,1075.790039,1075.790039,1410400000
905,2004-08-12,1075.790039,1075.790039,1062.819946,1063.22998,1063.22998,1405100000
906,2004-08-13,1063.22998,1067.579956,1060.719971,1064.800049,1064.800049,1175100000
907,2004-08-16,1064.800049,1080.660034,1064.800049,1079.339966,1079.339966,1206200000
908,2004-08-17,1079.339966,1086.780029,1079.339966,1081.709961,1081.709961,1267800000
909,2004-08-18,1081.709961,1095.170044,1078.930054,1095.170044,1095.170044,1282500000
910,2004-08-19,1095.170044,1095.170044,1086.280029,1091.22998,1091.22998,1249400000
911,2004-08-20,1091.22998,1100.26001,1089.569946,1098.349976,1098.349976,1199900000
912,2004-08-23,1098.349976,1101.400024,1094.72998,1095.680054,1095.680054,1021900000
913,2004-08-24,1095.680054,1100.939941,1092.819946,1096.189941,1096.189941,1092500000
914,2004-08-25,1096.189941,1106.290039,1093.23999,1104.959961,1104.959961,1192200000
915,2004-08-26,1104.959961,1106.780029,1102.459961,1105.089966,1105.089966,1023600000
916,2004-08-27,1105.089966,1109.680054,1104.619995,1107.77002,1107.77002,845400000
917,2004-08-30,1107.77002,1107.77002,1099.150024,1099.150024,1099.150024,843100000
918,2004-08-31,1099.150024,1104.23999,1094.719971,1104.23999,1104.23999,1138200000
919,2004-09-01,1104.23999,1109.23999,1099.180054,1105.910034,1105.910034,1142100000
920,2004-09-02,1105.910034,1119.109985,1105.599976,1118.310059,1118.310059,1118400000
921,2004-09-03,1118.310059,1120.800049,1113.569946,1113.630005,1113.630005,924170000
922,2004-09-07,1113.630005,1124.079956,1113.630005,1121.300049,1121.300049,1214400000
923,2004-09-08,1121.300049,1123.050049,1116.27002,1116.27002,1116.27002,1246300000
924,2004-09-09,1116.27002,1121.300049,1113.619995,1118.380005,1118.380005,1371300000
925,2004-09-10,1118.380005,1125.26001,1114.390015,1123.920044,1123.920044,1261200000
926,2004-09-13,1123.920044,1129.780029,1123.349976,1125.819946,1125.819946,1299800000
927,2004-09-14,1125.819946,1129.459961,1124.719971,1128.329956,1128.329956,1204500000
928,2004-09-15,1128.329956,1128.329956,1119.819946,1120.369995,1120.369995,1256000000
929,2004-09-16,1120.369995,1126.060059,1120.369995,1123.5,1123.5,1113900000
930,2004-09-17,1123.5,1130.140015,1123.5,1128.550049,1128.550049,1422600000
931,2004-09-20,1128.550049,1128.550049,1120.339966,1122.199951,1122.199951,1197600000
932,2004-09-21,1122.199951,1131.540039,1122.199951,1129.300049,1129.300049,1325000000
933,2004-09-22,1129.300049,1129.300049,1112.670044,1113.560059,1113.560059,1379900000
934,2004-09-23,1113.560059,1113.609985,1108.050049,1108.359985,1108.359985,1286300000
935,2004-09-24,1108.359985,1113.810059,1108.359985,1110.109985,1110.109985,1255400000
936,2004-09-27,1110.109985,1110.109985,1103.23999,1103.52002,1103.52002,1263500000
937,2004-09-28,1103.52002,1111.77002,1101.290039,1110.060059,1110.060059,1396600000
938,2004-09-29,1110.060059,1114.800049,1107.420044,1114.800049,1114.800049,1402900000
939,2004-09-30,1114.800049,1116.310059,1109.680054,1114.579956,1114.579956,1748000000
940,2004-10-01,1114.579956,1131.640015,1114.579956,1131.5,1131.5,1582200000
941,2004-10-04,1131.5,1140.130005,1131.5,1135.170044,1135.170044,1534000000
942,2004-10-05,1135.170044,1137.869995,1132.030029,1134.47998,1134.47998,1418400000
943,2004-10-06,1134.47998,1142.050049,1132.939941,1142.050049,1142.050049,1416700000
944,2004-10-07,1142.050049,1142.050049,1130.5,1130.650024,1130.650024,1447500000
945,2004-10-08,1130.650024,1132.920044,1120.189941,1122.140015,1122.140015,1291600000
946,2004-10-11,1122.140015,1126.199951,1122.140015,1124.390015,1124.390015,943800000
947,2004-10-12,1124.390015,1124.390015,1115.77002,1121.839966,1121.839966,1320100000
948,2004-10-13,1121.839966,1127.01001,1109.630005,1113.650024,1113.650024,1546200000
949,2004-10-14,1113.650024,1114.959961,1102.060059,1103.290039,1103.290039,1489500000
950,2004-10-15,1103.290039,1113.170044,1102.140015,1108.199951,1108.199951,1645100000
951,2004-10-18,1108.199951,1114.459961,1103.329956,1114.02002,1114.02002,1373300000
952,2004-10-19,1114.02002,1117.959961,1103.150024,1103.22998,1103.22998,1737500000
953,2004-10-20,1103.22998,1104.089966,1094.25,1103.660034,1103.660034,1685700000
954,2004-10-21,1103.660034,1108.869995,1098.469971,1106.48999,1106.48999,1673000000
955,2004-10-22,1106.48999,1108.140015,1095.469971,1095.73999,1095.73999,1469600000
956,2004-10-25,1095.73999,1096.810059,1090.290039,1094.800049,1094.800049,1380500000
957,2004-10-26,1094.810059,1111.099976,1094.810059,1111.089966,1111.089966,1685400000
958,2004-10-27,1111.089966,1126.290039,1107.430054,1125.400024,1125.400024,1741900000
959,2004-10-28,1125.339966,1130.670044,1120.599976,1127.439941,1127.439941,1628200000
960,2004-10-29,1127.439941,1131.400024,1124.619995,1130.199951,1130.199951,1500800000
961,2004-11-01,1130.199951,1133.410034,1127.599976,1130.51001,1130.51001,1395900000
962,2004-11-02,1130.51001,1140.47998,1128.119995,1130.560059,1130.560059,1659000000
963,2004-11-03,1130.540039,1147.569946,1130.540039,1143.199951,1143.199951,1767500000
964,2004-11-04,1143.199951,1161.670044,1142.339966,1161.670044,1161.670044,1782700000
965,2004-11-05,1161.670044,1170.869995,1160.660034,1166.170044,1166.170044,1724400000
966,2004-11-08,1166.170044,1166.77002,1162.319946,1164.890015,1164.890015,1358700000
967,2004-11-09,1164.890015,1168.959961,1162.47998,1164.079956,1164.079956,1450800000
968,2004-11-10,1164.079956,1169.25,1162.51001,1162.910034,1162.910034,1504300000
969,2004-11-11,1162.910034,1174.800049,1162.910034,1173.47998,1173.47998,1393000000
970,2004-11-12,1173.47998,1184.170044,1171.430054,1184.170044,1184.170044,1531600000
971,2004-11-15,1184.170044,1184.47998,1179.849976,1183.810059,1183.810059,1453300000
972,2004-11-16,1183.810059,1183.810059,1175.319946,1175.430054,1175.430054,1364400000
973,2004-11-17,1175.430054,1188.459961,1175.430054,1181.939941,1181.939941,1684200000
974,2004-11-18,1181.939941,1184.900024,1180.150024,1183.550049,1183.550049,1456700000
975,2004-11-19,1183.550049,1184.0,1169.189941,1170.339966,1170.339966,1526600000
976,2004-11-22,1170.339966,1178.180054,1167.890015,1177.23999,1177.23999,1392700000
977,2004-11-23,1177.23999,1179.52002,1171.410034,1176.939941,1176.939941,1428300000
978,2004-11-24,1176.939941,1182.459961,1176.939941,1181.76001,1181.76001,1149600000
979,2004-11-26,1181.76001,1186.619995,1181.079956,1182.650024,1182.650024,504580000
980,2004-11-29,1182.650024,1186.939941,1172.369995,1178.569946,1178.569946,1378500000
981,2004-11-30,1178.569946,1178.660034,1173.810059,1173.819946,1173.819946,1553500000
982,2004-12-01,1173.780029,1191.369995,1173.780029,1191.369995,1191.369995,1772800000
983,2004-12-02,1191.369995,1194.800049,1186.719971,1190.329956,1190.329956,1774900000
984,2004-12-03,1190.329956,1197.459961,1187.709961,1191.170044,1191.170044,1566700000
985,2004-12-06,1191.170044,1192.410034,1185.180054,1190.25,1190.25,1354400000
986,2004-12-07,1190.25,1192.170044,1177.069946,1177.069946,1177.069946,1533900000
987,2004-12-08,1177.069946,1184.050049,1177.069946,1182.810059,1182.810059,1525200000
988,2004-12-09,1182.810059,1190.51001,1173.790039,1189.23999,1189.23999,1624700000
989,2004-12-10,1189.23999,1191.449951,1185.23999,1188.0,1188.0,1443700000
990,2004-12-13,1188.0,1198.73999,1188.0,1198.680054,1198.680054,1436100000
991,2004-12-14,1198.680054,1205.290039,1197.839966,1203.380005,1203.380005,1544400000
992,2004-12-15,1203.380005,1206.609985,1199.439941,1205.719971,1205.719971,1695800000
993,2004-12-16,1205.719971,1207.969971,1198.410034,1203.209961,1203.209961,1793900000
994,2004-12-17,1203.209961,1203.209961,1193.48999,1194.199951,1194.199951,2335000000
995,2004-12-20,1194.199951,1203.430054,1193.359985,1194.650024,1194.650024,1422800000
996,2004-12-21,1194.650024,1205.930054,1194.650024,1205.449951,1205.449951,1483700000
997,2004-12-22,1205.449951,1211.420044,1203.849976,1209.569946,1209.569946,1390800000
998,2004-12-23,1209.569946,1213.660034,1208.709961,1210.130005,1210.130005,956100000
999,2004-12-27,1210.130005,1214.130005,1204.920044,1204.920044,1204.920044,922000000
