,Date,Open,High,Low,Close,Adj Close,Volume,Action
1000,2004-12-28,1204.920044,1213.540039,1204.920044,1213.540039,1213.540039,983000000,0
1001,2004-12-29,1213.540039,1213.849976,1210.949951,1213.449951,1213.449951,925900000,0
1002,2004-12-30,1213.449951,1216.469971,1213.410034,1213.550049,1213.550049,829800000,0
1003,2004-12-31,1213.550049,1217.329956,1211.650024,1211.920044,1211.920044,786900000,-1
1004,2005-01-03,1211.920044,1217.800049,1200.319946,1202.079956,1202.079956,1510800000,1
1005,2005-01-04,1202.079956,1205.839966,1185.390015,1188.050049,1188.050049,1721000000,0
1006,2005-01-05,1188.050049,1192.72998,1183.719971,1183.73999,1183.73999,1738900000,1
1007,2005-01-06,1183.73999,1191.630005,1183.27002,1187.890015,1187.890015,1569100000,-1
1008,2005-01-07,1187.890015,1192.199951,1182.160034,1186.189941,1186.189941,1477900000,0
1009,2005-01-10,1186.189941,1194.780029,1184.800049,1190.25,1190.25,1490400000,1
1010,2005-01-11,1190.25,1190.25,1180.430054,1182.98999,1182.98999,1488800000,0
1011,2005-01-12,1182.98999,1187.920044,1175.640015,1187.699951,1187.699951,1562100000,0
1012,2005-01-13,1187.699951,1187.699951,1175.810059,1177.449951,1177.449951,1510300000,-1
1013,2005-01-14,1177.449951,1185.209961,1177.449951,1184.52002,1184.52002,1335400000,0
1014,2005-01-18,1184.52002,1195.97998,1180.099976,1195.97998,1195.97998,1596800000,0
1015,2005-01-19,1195.97998,1195.97998,1184.410034,1184.630005,1184.630005,1498700000,1
1016,2005-01-20,1184.630005,1184.630005,1173.420044,1175.410034,1175.410034,1692000000,1
1017,2005-01-21,1175.410034,1179.449951,1167.819946,1167.869995,1167.869995,1643500000,0
1018,2005-01-24,1167.869995,1173.030029,1163.75,1163.75,1163.75,1494600000,0
1019,2005-01-25,1163.75,1174.300049,1163.75,1168.410034,1168.410034,1610400000,0
1020,2005-01-26,1168.410034,1175.959961,1168.410034,1174.069946,1174.069946,1635900000,0
1021,2005-01-27,1174.069946,1177.5,1170.150024,1174.550049,1174.550049,1600600000,0
1022,2005-01-28,1174.550049,1175.609985,1166.25,1171.359985,1171.359985,1641800000,0
1023,2005-01-31,1171.359985,1182.069946,1171.359985,1181.27002,1181.27002,1679800000,0
1024,2005-02-01,1181.27002,1190.390015,1180.949951,1189.410034,1189.410034,1681980000,0
1025,2005-02-02,1189.410034,1195.25,1188.920044,1193.189941,1193.189941,1561740000,-1
1026,2005-02-03,1193.189941,1193.189941,1185.640015,1189.890015,1189.890015,1554460000,-1
1027,2005-02-04,1189.890015,1203.469971,1189.670044,1203.030029,1203.030029,1648160000,0
1028,2005-02-07,1203.030029,1204.150024,1199.27002,1201.719971,1201.719971,1347270000,0
1029,2005-02-08,1201.719971,1205.109985,1200.160034,1202.300049,1202.300049,1416170000,1
1030,2005-02-09,1202.300049,1203.829956,1191.540039,1191.98999,1191.98999,1511040000,0
1031,2005-02-10,1191.98999,1198.75,1191.540039,1197.01001,1197.01001,1491670000,1
1032,2005-02-11,1197.01001,1208.380005,1193.280029,1205.300049,1205.300049,1562300000,0
1033,2005-02-14,1205.300049,1206.930054,1203.589966,1206.140015,1206.140015,1290180000,1
1034,2005-02-15,1206.140015,1212.439941,1205.52002,1210.119995,1210.119995,1527080000,0
1035,2005-02-16,1210.119995,1212.439941,1205.060059,1210.339966,1210.339966,1490100000,0
1036,2005-02-17,1210.339966,1211.329956,1200.73999,1200.75,1200.75,1580120000,0
1037,2005-02-18,1200.75,1202.920044,1197.349976,1201.589966,1201.589966,1551200000,0
1038,2005-02-22,1201.589966,1202.47998,1184.160034,1184.160034,1184.160034,1744940000,0
1039,2005-02-23,1184.160034,1193.52002,1184.160034,1190.800049,1190.800049,1501090000,0
1040,2005-02-24,1190.800049,1200.420044,1187.800049,1200.199951,1200.199951,1518750000,0
1041,2005-02-25,1200.199951,1212.150024,1199.609985,1211.369995,1211.369995,1523680000,0
1042,2005-02-28,1211.369995,1211.369995,1198.130005,1203.599976,1203.599976,1795480000,0
1043,2005-03-01,1203.599976,1212.25,1203.599976,1210.410034,1210.410034,1708060000,0
1044,2005-03-02,1210.410034,1215.790039,1204.219971,1210.079956,1210.079956,1568540000,0
1045,2005-03-03,1210.079956,1215.719971,1204.449951,1210.469971,1210.469971,1616240000,0
1046,2005-03-04,1210.469971,1224.76001,1210.469971,1222.119995,1222.119995,1636820000,-1
1047,2005-03-07,1222.119995,1229.109985,1222.119995,1225.310059,1225.310059,1488830000,-1
1048,2005-03-08,1225.310059,1225.689941,1218.569946,1219.430054,1219.430054,1523090000,0
1049,2005-03-09,1219.430054,1219.430054,1206.660034,1207.01001,1207.01001,1704970000,-1
1050,2005-03-10,1207.01001,1211.22998,1201.410034,1209.25,1209.25,1604020000,-1
1051,2005-03-11,1209.25,1213.040039,1198.150024,1200.079956,1200.079956,1449820000,0
1052,2005-03-14,1200.079956,1206.829956,1199.51001,1206.829956,1206.829956,1437430000,0
1053,2005-03-15,1206.829956,1210.540039,1197.75,1197.75,1197.75,1513530000,-1
1054,2005-03-16,1197.75,1197.75,1185.609985,1188.069946,1188.069946,1653190000,0
1055,2005-03-17,1188.069946,1193.280029,1186.339966,1190.209961,1190.209961,1581930000,0
1056,2005-03-18,1190.209961,1191.97998,1182.780029,1189.650024,1189.650024,2344370000,0
1057,2005-03-21,1189.650024,1189.650024,1178.819946,1183.780029,1183.780029,1819440000,0
1058,2005-03-22,1183.780029,1189.589966,1171.630005,1171.709961,1171.709961,2114470000,0
1059,2005-03-23,1171.709961,1176.26001,1168.699951,1172.530029,1172.530029,2246870000,1
1060,2005-03-24,1172.530029,1180.109985,1171.420044,1171.420044,1171.420044,1721720000,0
1061,2005-03-28,1171.420044,1179.910034,1171.420044,1174.280029,1174.280029,1746220000,1
1062,2005-03-29,1174.280029,1179.390015,1163.689941,1165.359985,1165.359985,2223250000,-1
1063,2005-03-30,1165.359985,1181.540039,1165.359985,1181.410034,1181.410034,2097110000,1
1064,2005-03-31,1181.410034,1184.530029,1179.48999,1180.589966,1180.589966,2214230000,0
1065,2005-04-01,1180.589966,1189.800049,1169.910034,1172.920044,1172.920044,2168690000,0
1066,2005-04-04,1172.790039,1178.609985,1167.719971,1176.119995,1176.119995,2079770000,0
1067,2005-04-05,1176.119995,1183.560059,1176.119995,1181.390015,1181.390015,1870800000,1
1068,2005-04-06,1181.390015,1189.339966,1181.390015,1184.069946,1184.069946,1797400000,1
1069,2005-04-07,1184.069946,1191.880005,1183.810059,1191.140015,1191.140015,1900620000,0
1070,2005-04-08,1191.140015,1191.75,1181.130005,1181.199951,1181.199951,1661330000,0
1071,2005-04-11,1181.199951,1184.069946,1178.689941,1181.209961,1181.209961,1525310000,0
1072,2005-04-12,1181.209961,1190.170044,1170.849976,1187.76001,1187.76001,1979830000,-1
1073,2005-04-13,1187.76001,1187.76001,1171.400024,1173.790039,1173.790039,2049740000,-1
1074,2005-04-14,1173.790039,1174.670044,1161.699951,1162.050049,1162.050049,2355040000,0
1075,2005-04-15,1162.050049,1162.050049,1141.920044,1142.619995,1142.619995,2689960000,0
1076,2005-04-18,1142.619995,1148.920044,1139.800049,1145.97998,1145.97998,2180670000,0
1077,2005-04-19,1145.97998,1154.670044,1145.97998,1152.780029,1152.780029,2142700000,1
1078,2005-04-20,1152.780029,1155.5,1136.150024,1137.5,1137.5,2217050000,0
1079,2005-04-21,1137.5,1159.949951,1137.5,1159.949951,1159.949951,2308560000,-1
1080,2005-04-22,1159.949951,1159.949951,1142.949951,1152.119995,1152.119995,2045880000,0
1081,2005-04-25,1152.119995,1164.050049,1152.119995,1162.099976,1162.099976,1795030000,0
1082,2005-04-26,1162.099976,1164.800049,1151.829956,1151.829956,1151.829956,1959740000,1
1083,2005-04-27,1151.73999,1159.869995,1144.420044,1156.380005,1156.380005,2151520000,0
1084,2005-04-28,1156.380005,1156.380005,1143.219971,1143.219971,1143.219971,2182270000,-1
1085,2005-04-29,1143.219971,1156.969971,1139.189941,1156.849976,1156.849976,2362360000,0
1086,2005-05-02,1156.849976,1162.869995,1154.709961,1162.160034,1162.160034,1980040000,-1
1087,2005-05-03,1162.160034,1166.890015,1156.709961,1161.170044,1161.170044,2167020000,-1
1088,2005-05-04,1161.170044,1176.01001,1161.170044,1175.650024,1175.650024,2306480000,-1
1089,2005-05-05,1175.650024,1178.619995,1166.77002,1172.630005,1172.630005,1997100000,0
1090,2005-05-06,1172.630005,1177.75,1170.5,1171.349976,1171.349976,1707200000,0
1091,2005-05-09,1171.349976,1178.869995,1169.380005,1178.839966,1178.839966,1857020000,-1
1092,2005-05-10,1178.839966,1178.839966,1162.97998,1166.219971,1166.219971,1889660000,0
1093,2005-05-11,1166.219971,1171.77002,1157.709961,1171.109985,1171.109985,1834970000,1
1094,2005-05-12,1171.109985,1173.369995,1157.76001,1159.359985,1159.359985,1995290000,1
1095,2005-05-13,1159.359985,1163.75,1146.180054,1154.050049,1154.050049,2188590000,1
1096,2005-05-16,1154.050049,1165.75,1153.640015,1165.689941,1165.689941,1856860000,-1
1097,2005-05-17,1165.689941,1174.349976,1159.859985,1173.800049,1173.800049,1887260000,0
1098,2005-05-18,1173.800049,1187.900024,1173.800049,1185.560059,1185.560059,2266320000,0
1099,2005-05-19,1185.560059,1191.089966,1184.48999,1191.079956,1191.079956,1775860000,0
1100,2005-05-20,1191.079956,1191.219971,1185.189941,1189.280029,1189.280029,1631750000,0
1101,2005-05-23,1189.280029,1197.439941,1188.76001,1193.859985,1193.859985,1681170000,0
1102,2005-05-24,1193.859985,1195.290039,1189.869995,1194.069946,1194.069946,1681000000,0
1103,2005-05-25,1194.069946,1194.069946,1185.959961,1190.01001,1190.01001,1742180000,-1
1104,2005-05-26,1190.01001,1198.949951,1190.01001,1197.619995,1197.619995,1654110000,0
1105,2005-05-27,1197.619995,1199.560059,1195.280029,1198.780029,1198.780029,1381430000,0
1106,2005-05-31,1198.780029,1198.780029,1191.5,1191.5,1191.5,1840680000,0
1107,2005-06-01,1191.5,1205.640015,1191.030029,1202.219971,1202.219971,1810100000,0
1108,2005-06-02,1202.27002,1204.670044,1198.420044,1204.290039,1204.290039,1813790000,0
1109,2005-06-03,1204.290039,1205.089966,1194.550049,1196.02002,1196.02002,1627520000,0
1110,2005-06-06,1196.02002,1198.780029,1192.75,1197.51001,1197.51001,1547120000,1
1111,2005-06-07,1197.51001,1208.849976,1197.26001,1197.26001,1197.26001,1851370000,0
1112,2005-06-08,1197.26001,1201.969971,1193.329956,1194.670044,1194.670044,1715490000,0
1113,2005-06-09,1194.670044,1201.859985,1191.089966,1200.930054,1200.930054,1824120000,0
1114,2005-06-10,1200.930054,1202.790039,1192.640015,1198.109985,1198.109985,1664180000,0
1115,2005-06-13,1198.109985,1206.030029,1194.51001,1200.819946,1200.819946,1661350000,0
1116,2005-06-14,1200.819946,1207.530029,1200.180054,1203.910034,1203.910034,1698150000,1
1117,2005-06-15,1203.910034,1208.079956,1198.660034,1206.579956,1206.579956,1840440000,0
1118,2005-06-16,1206.550049,1212.099976,1205.469971,1210.959961,1210.959961,1776040000,0
1119,2005-06-17,1210.930054,1219.550049,1210.930054,1216.959961,1216.959961,2407370000,-1
1120,2005-06-20,1216.959961,1219.099976,1210.650024,1216.099976,1216.099976,1714530000,0
1121,2005-06-21,1216.099976,1217.130005,1211.859985,1213.609985,1213.609985,1720700000,-1
1122,2005-06-22,1213.609985,1219.589966,1211.689941,1213.880005,1213.880005,1823250000,0
1123,2005-06-23,1213.880005,1216.449951,1200.719971,1200.72998,1200.72998,2029920000,-1
1124,2005-06-24,1200.72998,1200.900024,1191.449951,1191.569946,1191.569946,2418800000,-1
1125,2005-06-27,1191.569946,1194.329956,1188.300049,1190.689941,1190.689941,1738620000,0
1126,2005-06-28,1190.689941,1202.540039,1190.689941,1201.569946,1201.569946,1772410000,1
1127,2005-06-29,1201.569946,1204.069946,1198.699951,1199.849976,1199.849976,1769280000,-1
1128,2005-06-30,1199.849976,1203.27002,1190.51001,1191.329956,1191.329956,2109490000,0
1129,2005-07-01,1191.329956,1197.890015,1191.329956,1194.439941,1194.439941,1593820000,0
1130,2005-07-05,1194.439941,1206.339966,1192.48999,1204.98999,1204.98999,1805820000,-1
1131,2005-07-06,1204.98999,1206.109985,1194.780029,1194.939941,1194.939941,1883470000,-1
1132,2005-07-07,1194.939941,1198.459961,1183.550049,1197.869995,1197.869995,1952440000,0
1133,2005-07-08,1197.869995,1212.72998,1197.199951,1211.859985,1211.859985,1900810000,1
1134,2005-07-11,1211.859985,1220.030029,1211.859985,1219.439941,1219.439941,1846300000,1
1135,2005-07-12,1219.439941,1225.540039,1216.599976,1222.209961,1222.209961,1932010000,0
1136,2005-07-13,1222.209961,1224.459961,1219.640015,1223.290039,1223.290039,1812500000,-1
1137,2005-07-14,1223.290039,1233.160034,1223.290039,1226.5,1226.5,2048710000,0
1138,2005-07-15,1226.5,1229.530029,1223.5,1227.920044,1227.920044,1716400000,-1
1139,2005-07-18,1227.920044,1227.920044,1221.130005,1221.130005,1221.130005,1582100000,0
1140,2005-07-19,1221.130005,1230.339966,1221.130005,1229.349976,1229.349976,2041280000,-1
1141,2005-07-20,1229.349976,1236.560059,1222.910034,1235.199951,1235.199951,2063340000,1
1142,2005-07-21,1235.199951,1235.829956,1224.699951,1227.040039,1227.040039,2129840000,1
1143,2005-07-22,1227.040039,1234.189941,1226.150024,1233.680054,1233.680054,1766990000,-1
1144,2005-07-25,1233.680054,1238.359985,1228.150024,1229.030029,1229.030029,1717580000,-1
1145,2005-07-26,1229.030029,1234.420044,1229.030029,1231.160034,1231.160034,1934180000,0
1146,2005-07-27,1231.160034,1237.640015,1230.150024,1236.790039,1236.790039,1945800000,0
1147,2005-07-28,1236.790039,1245.150024,1235.810059,1243.719971,1243.719971,2001680000,0
1148,2005-07-29,1243.719971,1245.040039,1234.180054,1234.180054,1234.180054,1789600000,1
1149,2005-08-01,1234.180054,1239.099976,1233.800049,1235.349976,1235.349976,1716870000,-1
1150,2005-08-02,1235.349976,1244.689941,1235.349976,1244.119995,1244.119995,2043120000,0
1151,2005-08-03,1244.119995,1245.859985,1240.569946,1245.040039,1245.040039,1999980000,0
1152,2005-08-04,1245.040039,1245.040039,1235.150024,1235.859985,1235.859985,1981220000,0
1153,2005-08-05,1235.859985,1235.859985,1225.619995,1226.420044,1226.420044,1930280000,0
1154,2005-08-08,1226.420044,1232.280029,1222.670044,1223.130005,1223.130005,1804140000,-1
1155,2005-08-09,1223.130005,1234.109985,1223.130005,1231.380005,1231.380005,1897520000,0
1156,2005-08-10,1231.380005,1242.689941,1226.579956,1229.130005,1229.130005,2172320000,1
1157,2005-08-11,1229.130005,1237.810059,1228.329956,1237.810059,1237.810059,1941560000,0
1158,2005-08-12,1237.810059,1237.810059,1225.869995,1230.390015,1230.390015,1709300000,0
1159,2005-08-15,1230.400024,1236.23999,1226.199951,1233.869995,1233.869995,1562880000,0
1160,2005-08-16,1233.869995,1233.869995,1219.050049,1219.339966,1219.339966,1820410000,0
1161,2005-08-17,1219.339966,1225.630005,1218.069946,1220.23999,1220.23999,1859150000,0
1162,2005-08-18,1220.23999,1222.640015,1215.930054,1219.02002,1219.02002,1808170000,1
1163,2005-08-19,1219.02002,1225.079956,1219.02002,1219.709961,1219.709961,1558790000,0
1164,2005-08-22,1219.709961,1228.959961,1216.469971,1221.72998,1221.72998,1621330000,-1
1165,2005-08-23,1221.72998,1223.040039,1214.439941,1217.589966,1217.589966,1678620000,0
1166,2005-08-24,1217.569946,1224.150024,1209.369995,1209.589966,1209.589966,1930800000,0
1167,2005-08-25,1209.589966,1213.72998,1209.569946,1212.369995,1212.369995,1571110000,1
1168,2005-08-26,1212.400024,1212.400024,1204.22998,1205.099976,1205.099976,1541090000,0
1169,2005-08-29,1205.099976,1214.280029,1201.530029,1212.280029,1212.280029,1599450000,-1
1170,2005-08-30,1212.280029,1212.280029,1201.069946,1208.410034,1208.410034,1916470000,0
1171,2005-08-31,1208.410034,1220.359985,1204.400024,1220.329956,1220.329956,2365510000,0
1172,2005-09-01,1220.329956,1227.290039,1216.180054,1221.589966,1221.589966,2229860000,-1
1173,2005-09-02,1221.589966,1224.449951,1217.75,1218.02002,1218.02002,1640160000,0
1174,2005-09-06,1218.02002,1233.609985,1218.02002,1233.390015,1233.390015,1932090000,-1
1175,2005-09-07,1233.390015,1237.060059,1230.930054,1236.359985,1236.359985,2067700000,0
1176,2005-09-08,1236.359985,1236.359985,1229.51001,1231.670044,1231.670044,1955380000,0
1177,2005-09-09,1231.670044,1243.130005,1231.670044,1241.47998,1241.47998,1992560000,0
1178,2005-09-12,1241.47998,1242.599976,1239.150024,1240.560059,1240.560059,1938050000,0
1179,2005-09-13,1240.569946,1240.569946,1231.199951,1231.199951,1231.199951,2082360000,0
1180,2005-09-14,1231.199951,1234.73999,1226.160034,1227.160034,1227.160034,1986750000,0
1181,2005-09-15,1227.160034,1231.880005,1224.849976,1227.72998,1227.72998,2079340000,0
1182,2005-09-16,1228.420044,1237.949951,1228.420044,1237.910034,1237.910034,3152470000,0
1183,2005-09-19,1237.910034,1237.910034,1227.650024,1231.02002,1231.02002,2076540000,0
1184,2005-09-20,1231.02002,1236.48999,1220.069946,1221.339966,1221.339966,2319250000,1
1185,2005-09-21,1221.339966,1221.52002,1209.890015,1210.199951,1210.199951,2548150000,1
1186,2005-09-22,1210.199951,1216.640015,1205.349976,1214.619995,1214.619995,2424720000,1
1187,2005-09-23,1214.619995,1218.829956,1209.800049,1215.290039,1215.290039,1973020000,-1
1188,2005-09-26,1215.290039,1222.560059,1211.839966,1215.630005,1215.630005,2022220000,0
1189,2005-09-27,1215.630005,1220.170044,1211.109985,1215.660034,1215.660034,1976270000,-1
1190,2005-09-28,1215.660034,1220.97998,1212.719971,1216.890015,1216.890015,2106980000,-1
1191,2005-09-29,1216.890015,1228.699951,1211.540039,1227.680054,1227.680054,2176120000,-1
1192,2005-09-30,1227.680054,1229.569946,1225.219971,1228.810059,1228.810059,2097520000,0
1193,2005-10-03,1228.810059,1233.339966,1225.150024,1226.699951,1226.699951,2097490000,-1
1194,2005-10-04,1226.699951,1229.880005,1214.02002,1214.469971,1214.469971,2341420000,1
1195,2005-10-05,1214.469971,1214.469971,1196.25,1196.390015,1196.390015,2546780000,0
1196,2005-10-06,1196.390015,1202.140015,1181.920044,1191.48999,1191.48999,2792030000,0
1197,2005-10-07,1191.48999,1199.709961,1191.459961,1195.900024,1195.900024,2126080000,0
1198,2005-10-10,1195.900024,1196.52002,1186.119995,1187.329956,1187.329956,2195990000,0
1199,2005-10-11,1187.329956,1193.099976,1183.160034,1184.869995,1184.869995,2299040000,0
1200,2005-10-12,1184.869995,1190.02002,1173.650024,1177.680054,1177.680054,2491280000,-1
1201,2005-10-13,1177.680054,1179.560059,1168.199951,1176.839966,1176.839966,2351150000,0
1202,2005-10-14,1176.839966,1187.130005,1175.439941,1186.569946,1186.569946,2188940000,0
1203,2005-10-17,1186.569946,1191.209961,1184.47998,1190.099976,1190.099976,2054570000,0
1204,2005-10-18,1190.099976,1190.099976,1178.130005,1178.140015,1178.140015,2197010000,1
1205,2005-10-19,1178.140015,1195.76001,1170.550049,1195.76001,1195.76001,2703590000,0
1206,2005-10-20,1195.76001,1197.300049,1173.300049,1177.800049,1177.800049,2617250000,0
1207,2005-10-21,1177.800049,1186.459961,1174.920044,1179.589966,1179.589966,2470920000,1
1208,2005-10-24,1179.589966,1199.390015,1179.589966,1199.380005,1199.380005,2197790000,0
1209,2005-10-25,1199.380005,1201.300049,1189.290039,1196.540039,1196.540039,2312470000,1
1210,2005-10-26,1196.540039,1204.01001,1191.380005,1191.380005,1191.380005,2467750000,-1
1211,2005-10-27,1191.380005,1192.650024,1178.890015,1178.900024,1178.900024,2395370000,0
1212,2005-10-28,1178.900024,1198.410034,1178.900024,1198.410034,1198.410034,2379400000,0
1213,2005-10-31,1198.410034,1211.430054,1198.410034,1207.01001,1207.01001,2567470000,1
1214,2005-11-01,1207.01001,1207.339966,1201.660034,1202.76001,1202.76001,2457850000,0
1215,2005-11-02,1202.76001,1215.170044,1201.069946,1214.76001,1214.76001,2648090000,0
1216,2005-11-03,1214.76001,1224.699951,1214.76001,1219.939941,1219.939941,2716630000,-1
1217,2005-11-04,1219.939941,1222.52002,1214.449951,1220.140015,1220.140015,2050510000,0
1218,2005-11-07,1220.140015,1224.180054,1217.290039,1222.810059,1222.810059,1987580000,0
1219,2005-11-08,1222.810059,1222.810059,1216.079956,1218.589966,1218.589966,1965050000,0
1220,2005-11-09,1218.589966,1226.589966,1216.530029,1220.650024,1220.650024,2214460000,0
1221,2005-11-10,1220.650024,1232.410034,1215.050049,1230.959961,1230.959961,2378460000,0
1222,2005-11-11,1230.959961,1235.699951,1230.719971,1234.719971,1234.719971,1773140000,0
1223,2005-11-14,1234.719971,1237.199951,1231.780029,1233.76001,1233.76001,1899780000,-1
1224,2005-11-15,1233.76001,1237.939941,1226.410034,1229.01001,1229.01001,2359370000,0
1225,2005-11-16,1229.01001,1232.23999,1227.180054,1231.209961,1231.209961,2121580000,0
1226,2005-11-17,1231.209961,1242.959961,1231.209961,1242.800049,1242.800049,2298040000,-1
1227,2005-11-18,1242.800049,1249.579956,1240.709961,1248.27002,1248.27002,2453290000,0
1228,2005-11-21,1248.27002,1255.890015,1246.900024,1254.849976,1254.849976,2117350000,-1
1229,2005-11-22,1254.849976,1261.900024,1251.400024,1261.22998,1261.22998,2291420000,-1
1230,2005-11-23,1261.22998,1270.640015,1259.51001,1265.609985,1265.609985,1985400000,1
1231,2005-11-25,1265.609985,1268.780029,1265.540039,1268.25,1268.25,724940000,0
1232,2005-11-28,1268.25,1268.439941,1257.170044,1257.459961,1257.459961,2016900000,0
1233,2005-11-29,1257.459961,1266.180054,1257.459961,1257.47998,1257.47998,2268340000,0
1234,2005-11-30,1257.47998,1260.930054,1249.390015,1249.47998,1249.47998,2374690000,0
1235,2005-12-01,1249.47998,1266.170044,1249.47998,1264.670044,1264.670044,2614830000,0
1236,2005-12-02,1264.670044,1266.849976,1261.420044,1265.079956,1265.079956,2125580000,-1
1237,2005-12-05,1265.079956,1265.079956,1258.119995,1262.089966,1262.089966,2325840000,1
1238,2005-12-06,1262.089966,1272.890015,1262.089966,1263.699951,1263.699951,2110740000,0
1239,2005-12-07,1263.699951,1264.849976,1253.02002,1257.369995,1257.369995,2093830000,0
1240,2005-12-08,1257.369995,1263.359985,1250.910034,1255.839966,1255.839966,2178300000,1
1241,2005-12-09,1255.839966,1263.079956,1254.23999,1259.369995,1259.369995,1896290000,1
1242,2005-12-12,1259.369995,1263.859985,1255.52002,1260.430054,1260.430054,1876550000,0
1243,2005-12-13,1260.430054,1272.109985,1258.560059,1267.430054,1267.430054,2390020000,0
1244,2005-12-14,1267.430054,1275.800049,1267.069946,1272.73999,1272.73999,2145520000,0
1245,2005-12-15,1272.73999,1275.170044,1267.73999,1270.939941,1270.939941,2180590000,-1
1246,2005-12-16,1270.939941,1275.23999,1267.319946,1267.319946,1267.319946,2584190000,0
1247,2005-12-19,1267.319946,1270.51001,1259.280029,1259.920044,1259.920044,2208810000,0
1248,2005-12-20,1259.920044,1263.859985,1257.209961,1259.619995,1259.619995,1996690000,0
1249,2005-12-21,1259.619995,1269.369995,1259.619995,1262.790039,1262.790039,2065170000,0
1250,2005-12-22,1262.790039,1268.189941,1262.5,1268.119995,1268.119995,1888500000,0
1251,2005-12-23,1268.119995,1269.76001,1265.920044,1268.660034,1268.660034,1285810000,0
1252,2005-12-27,1268.660034,1271.829956,1256.540039,1256.540039,1256.540039,1540470000,-1
1253,2005-12-28,1256.540039,1261.099976,1256.540039,1258.170044,1258.170044,1422360000,1
1254,2005-12-29,1258.170044,1260.609985,1254.180054,1254.420044,1254.420044,1382540000,-1
1255,2005-12-30,1254.420044,1254.420044,1246.589966,1248.290039,1248.290039,1443500000,-1
1256,2006-01-03,1248.290039,1270.219971,1245.73999,1268.800049,1268.800049,2554570000,0
1257,2006-01-04,1268.800049,1275.369995,1267.73999,1273.459961,1273.459961,2515330000,0
1258,2006-01-05,1273.459961,1276.910034,1270.300049,1273.47998,1273.47998,2433340000,1
1259,2006-01-06,1273.47998,1286.089966,1273.47998,1285.449951,1285.449951,2446560000,-1
1260,2006-01-09,1285.449951,1290.780029,1284.819946,1290.150024,1290.150024,2301490000,0
1261,2006-01-10,1290.150024,1290.150024,1283.76001,1289.689941,1289.689941,2373080000,0
1262,2006-01-11,1289.719971,1294.900024,1288.119995,1294.180054,1294.180054,2406130000,0
1263,2006-01-12,1294.180054,1294.180054,1285.040039,1286.060059,1286.060059,2318350000,0
1264,2006-01-13,1286.060059,1288.959961,1282.780029,1287.609985,1287.609985,2206510000,-1
1265,2006-01-17,1287.609985,1287.609985,1278.609985,1282.930054,1282.930054,2179970000,-1
1266,2006-01-18,1282.930054,1282.930054,1272.079956,1277.930054,1277.930054,2233200000,0
1267,2006-01-19,1277.930054,1287.790039,1277.930054,1285.040039,1285.040039,2444020000,0
1268,2006-01-20,1285.040039,1285.040039,1260.920044,1261.48999,1261.48999,2845810000,0
1269,2006-01-23,1261.48999,1268.189941,1261.48999,1263.819946,1263.819946,2256070000,0
1270,2006-01-24,1263.819946,1271.469971,1263.819946,1266.859985,1266.859985,2608720000,0
1271,2006-01-25,1266.859985,1271.869995,1259.420044,1264.680054,1264.680054,2617060000,-1
1272,2006-01-26,1264.680054,1276.439941,1264.680054,1273.829956,1273.829956,2856780000,1
1273,2006-01-27,1273.829956,1286.380005,1273.829956,1283.719971,1283.719971,2623620000,0
1274,2006-01-30,1283.719971,1287.939941,1283.51001,1285.189941,1285.189941,2282730000,0
1275,2006-01-31,1285.199951,1285.199951,1276.849976,1280.079956,1280.079956,2708310000,0
1276,2006-02-01,1280.079956,1283.329956,1277.569946,1282.459961,1282.459961,2589410000,-1
1277,2006-02-02,1282.459961,1282.459961,1267.719971,1270.839966,1270.839966,2565300000,0
1278,2006-02-03,1270.839966,1270.869995,1261.02002,1264.030029,1264.030029,2282210000,0
1279,2006-02-06,1264.030029,1267.040039,1261.619995,1265.02002,1265.02002,2132360000,-1
1280,2006-02-07,1265.02002,1265.780029,1253.609985,1254.780029,1254.780029,2366370000,-1
1281,2006-02-08,1254.780029,1266.469971,1254.780029,1265.650024,1265.650024,2456860000,-1
1282,2006-02-09,1265.650024,1274.560059,1262.800049,1263.780029,1263.780029,2441920000,-1
1283,2006-02-10,1263.819946,1269.890015,1254.97998,1266.98999,1266.98999,2290050000,0
1284,2006-02-13,1266.98999,1266.98999,1258.339966,1262.859985,1262.859985,1850080000,-1
1285,2006-02-14,1262.859985,1278.209961,1260.800049,1275.530029,1275.530029,2437940000,0
1286,2006-02-15,1275.530029,1281.0,1271.060059,1280.0,1280.0,2317590000,1
1287,2006-02-16,1280.0,1289.390015,1280.0,1289.380005,1289.380005,2251490000,0
1288,2006-02-17,1289.380005,1289.469971,1284.069946,1287.23999,1287.23999,2128260000,0
1289,2006-02-21,1287.23999,1291.920044,1281.329956,1283.030029,1283.030029,2104320000,0
1290,2006-02-22,1283.030029,1294.170044,1283.030029,1292.670044,1292.670044,2222380000,0
1291,2006-02-23,1292.670044,1293.839966,1285.140015,1287.790039,1287.790039,2144210000,1
1292,2006-02-24,1287.790039,1292.109985,1285.619995,1289.430054,1289.430054,1933010000,0
1293,2006-02-27,1289.430054,1297.569946,1289.430054,1294.119995,1294.119995,1975320000,0
1294,2006-02-28,1294.119995,1294.119995,1278.660034,1280.660034,1280.660034,2370860000,0
1295,2006-03-01,1280.660034,1291.800049,1280.660034,1291.23999,1291.23999,2308320000,0
1296,2006-03-02,1291.23999,1291.23999,1283.209961,1289.140015,1289.140015,2494590000,0
1297,2006-03-03,1289.140015,1297.329956,1284.199951,1287.22998,1287.22998,2152950000,0
1298,2006-03-06,1287.22998,1288.22998,1275.670044,1278.26001,1278.26001,2280190000,0
1299,2006-03-07,1278.26001,1278.26001,1271.109985,1275.880005,1275.880005,2268050000,0
1300,2006-03-08,1275.880005,1280.329956,1268.420044,1278.469971,1278.469971,2442870000,0
1301,2006-03-09,1278.469971,1282.73999,1272.22998,1272.22998,1272.22998,2140110000,0
1302,2006-03-10,1272.22998,1284.369995,1271.109985,1281.420044,1281.420044,2123450000,0
1303,2006-03-13,1281.579956,1287.369995,1281.579956,1284.130005,1284.130005,2070330000,0
1304,2006-03-14,1284.130005,1298.140015,1282.670044,1297.47998,1297.47998,2165270000,0
1305,2006-03-15,1297.47998,1304.400024,1294.969971,1303.02002,1303.02002,2293000000,0
1306,2006-03-16,1303.02002,1310.449951,1303.02002,1305.329956,1305.329956,2292180000,1
1307,2006-03-17,1305.329956,1309.790039,1305.319946,1307.25,1307.25,2549620000,1
1308,2006-03-20,1307.25,1310.0,1303.589966,1305.079956,1305.079956,1976830000,0
1309,2006-03-21,1305.079956,1310.880005,1295.819946,1297.22998,1297.22998,2147370000,1
1310,2006-03-22,1297.22998,1305.969971,1295.810059,1305.040039,1305.040039,2039810000,0
1311,2006-03-23,1305.040039,1305.040039,1298.109985,1301.670044,1301.670044,1980940000,0
1312,2006-03-24,1301.670044,1306.530029,1298.890015,1302.949951,1302.949951,2326070000,0
1313,2006-03-27,1302.949951,1303.73999,1299.089966,1301.609985,1301.609985,2029700000,0
1314,2006-03-28,1301.609985,1306.23999,1291.839966,1293.22998,1293.22998,2148580000,1
1315,2006-03-29,1293.22998,1305.599976,1293.22998,1302.890015,1302.890015,2143540000,0
1316,2006-03-30,1302.890015,1310.150024,1296.719971,1300.25,1300.25,2294560000,1
1317,2006-03-31,1300.25,1303.0,1294.869995,1294.869995,1294.869995,2236710000,0
1318,2006-04-03,1302.880005,1309.189941,1296.650024,1297.810059,1297.810059,2494080000,0
1319,2006-04-04,1297.810059,1307.550049,1294.709961,1305.930054,1305.930054,2147660000,0
1320,2006-04-05,1305.930054,1312.810059,1304.819946,1311.560059,1311.560059,2420020000,-1
1321,2006-04-06,1311.560059,1311.98999,1302.439941,1309.040039,1309.040039,2281680000,0
1322,2006-04-07,1309.040039,1314.069946,1294.180054,1295.5,1295.5,2082470000,0
1323,2006-04-10,1295.51001,1300.73999,1293.170044,1296.619995,1296.619995,1898320000,-1
1324,2006-04-11,1296.599976,1300.709961,1282.959961,1286.569946,1286.569946,2232880000,0
1325,2006-04-12,1286.569946,1290.930054,1286.449951,1288.119995,1288.119995,1938100000,0
1326,2006-04-13,1288.119995,1292.089966,1283.369995,1289.119995,1289.119995,1891940000,0
1327,2006-04-17,1289.119995,1292.449951,1280.73999,1285.329956,1285.329956,1794650000,0
1328,2006-04-18,1285.329956,1309.02002,1285.329956,1307.280029,1307.280029,2595440000,0
1329,2006-04-19,1307.650024,1310.390015,1302.790039,1309.930054,1309.930054,2447310000,-1
1330,2006-04-20,1309.930054,1318.160034,1306.380005,1311.459961,1311.459961,2512920000,0
1331,2006-04-21,1311.459961,1317.670044,1306.589966,1311.280029,1311.280029,2392630000,0
1332,2006-04-24,1311.280029,1311.280029,1303.790039,1308.109985,1308.109985,2117330000,1
1333,2006-04-25,1308.109985,1310.790039,1299.170044,1301.73999,1301.73999,2366380000,0
1334,2006-04-26,1301.73999,1310.969971,1301.73999,1305.410034,1305.410034,2502690000,0
1335,2006-04-27,1305.410034,1315.0,1295.569946,1309.719971,1309.719971,2772010000,0
1336,2006-04-28,1309.719971,1316.040039,1306.160034,1310.609985,1310.609985,2419920000,0
1337,2006-05-01,1310.609985,1317.209961,1303.459961,1305.189941,1305.189941,2437040000,0
1338,2006-05-02,1305.189941,1313.660034,1305.189941,1313.209961,1313.209961,2403470000,1
1339,2006-05-03,1313.209961,1313.469971,1303.920044,1308.119995,1308.119995,2395230000,0
1340,2006-05-04,1307.849976,1315.140015,1307.849976,1312.25,1312.25,2431450000,1
1341,2006-05-05,1312.25,1326.530029,1312.25,1325.76001,1325.76001,2294760000,-1
1342,2006-05-08,1325.76001,1326.699951,1322.869995,1324.660034,1324.660034,2151300000,1
1343,2006-05-09,1324.660034,1326.599976,1322.47998,1325.140015,1325.140015,2157290000,0
1344,2006-05-10,1324.569946,1325.51001,1317.439941,1322.849976,1322.849976,2268550000,0
1345,2006-05-11,1322.630005,1322.630005,1303.449951,1305.920044,1305.920044,2531520000,0
1346,2006-05-12,1305.880005,1305.880005,1290.380005,1291.23999,1291.23999,2567970000,1
1347,2006-05-15,1291.189941,1294.810059,1284.51001,1294.5,1294.5,2505660000,0
1348,2006-05-16,1294.5,1297.880005,1288.51001,1292.079956,1292.079956,2386210000,0
1349,2006-05-17,1291.72998,1291.72998,1267.310059,1270.319946,1270.319946,2830200000,0
1350,2006-05-18,1270.25,1274.890015,1261.75,1261.810059,1261.810059,2537490000,0
1351,2006-05-19,1261.810059,1272.150024,1256.280029,1267.030029,1267.030029,2982300000,0
1352,2006-05-22,1267.030029,1268.77002,1252.97998,1262.069946,1262.069946,2773010000,0
1353,2006-05-23,1262.060059,1273.670044,1256.150024,1256.579956,1256.579956,2605250000,1
1354,2006-05-24,1256.560059,1264.530029,1245.339966,1258.569946,1258.569946,2999030000,0
1355,2006-05-25,1258.410034,1273.26001,1258.410034,1272.880005,1272.880005,2372730000,0
1356,2006-05-26,1272.709961,1280.540039,1272.5,1280.160034,1280.160034,1814020000,0
1357,2006-05-30,1280.040039,1280.040039,1259.869995,1259.869995,1259.869995,2176190000,0
1358,2006-05-31,1259.380005,1270.089966,1259.380005,1270.089966,1270.089966,2692160000,0
1359,2006-06-01,1270.050049,1285.709961,1269.189941,1285.709961,1285.709961,2360160000,0
1360,2006-06-02,1285.709961,1290.680054,1280.219971,1288.219971,1288.219971,2295540000,0
1361,2006-06-05,1288.160034,1288.160034,1264.660034,1265.290039,1265.290039,2313470000,0
1362,2006-06-06,1265.22998,1269.880005,1254.459961,1263.849976,1263.849976,2697650000,0
1363,2006-06-07,1263.609985,1272.469971,1255.77002,1256.150024,1256.150024,2644170000,1
1364,2006-06-08,1256.079956,1259.849976,1235.180054,1257.930054,1257.930054,3543790000,0
1365,2006-06-09,1257.930054,1262.579956,1250.030029,1252.300049,1252.300049,2214000000,0
1366,2006-06-12,1252.27002,1255.219971,1236.430054,1237.439941,1237.439941,2247010000,1
1367,2006-06-13,1236.079956,1243.369995,1222.52002,1223.689941,1223.689941,3215770000,-1
1368,2006-06-14,1223.660034,1231.459961,1219.290039,1230.040039,1230.040039,2667990000,0
1369,2006-06-15,1230.01001,1258.640015,1230.01001,1256.160034,1256.160034,2775480000,0
1370,2006-06-16,1256.160034,1256.27002,1246.329956,1251.540039,1251.540039,2783390000,0
1371,2006-06-19,1251.540039,1255.930054,1237.170044,1240.130005,1240.130005,2517200000,0
1372,2006-06-20,1240.119995,1249.01001,1238.869995,1240.119995,1240.119995,2232950000,0
1373,2006-06-21,1240.089966,1257.959961,1240.089966,1252.199951,1252.199951,2361230000,-1
1374,2006-06-22,1251.920044,1251.920044,1241.530029,1245.599976,1245.599976,2148180000,0
1375,2006-06-23,1245.589966,1253.130005,1241.430054,1244.5,1244.5,2017270000,1
1376,2006-06-26,1244.5,1250.920044,1243.680054,1250.560059,1250.560059,1878580000,0
1377,2006-06-27,1250.550049,1253.369995,1238.939941,1239.199951,1239.199951,2203130000,0
1378,2006-06-28,1238.98999,1247.060059,1237.589966,1246.0,1246.0,2085490000,0
1379,2006-06-29,1245.939941,1272.880005,1245.939941,1272.869995,1272.869995,2621250000,0
1380,2006-06-30,1272.859985,1276.300049,1270.199951,1270.199951,1270.199951,3049560000,0
1381,2006-07-03,1270.060059,1280.380005,1270.060059,1280.189941,1280.189941,1114470000,0
1382,2006-07-05,1280.050049,1280.050049,1265.910034,1270.910034,1270.910034,2165070000,-1
1383,2006-07-06,1270.579956,1278.319946,1270.579956,1274.079956,1274.079956,2009160000,0
1384,2006-07-07,1274.079956,1275.380005,1263.130005,1265.47998,1265.47998,1988150000,0
1385,2006-07-10,1265.459961,1274.060059,1264.459961,1267.339966,1267.339966,1854590000,0
1386,2006-07-11,1267.26001,1273.640015,1259.650024,1272.430054,1272.430054,2310850000,0
1387,2006-07-12,1272.390015,1273.310059,1257.290039,1258.599976,1258.599976,2250450000,0
1388,2006-07-13,1258.579956,1258.579956,1241.430054,1242.280029,1242.280029,2545760000,1
1389,2006-07-14,1242.290039,1242.699951,1228.449951,1236.199951,1236.199951,2467120000,0
1390,2006-07-17,1236.199951,1240.069946,1231.48999,1234.48999,1234.48999,2146410000,1
1391,2006-07-18,1234.47998,1239.859985,1224.540039,1236.859985,1236.859985,2481750000,0
1392,2006-07-19,1236.73999,1261.810059,1236.73999,1259.810059,1259.810059,2701980000,0
1393,2006-07-20,1259.810059,1262.560059,1249.130005,1249.130005,1249.130005,2345580000,0
1394,2006-07-21,1249.119995,1250.959961,1238.719971,1240.290039,1240.290039,2704090000,0
1395,2006-07-24,1240.25,1262.5,1240.25,1260.910034,1260.910034,2312720000,0
1396,2006-07-25,1260.910034,1272.390015,1257.189941,1268.880005,1268.880005,2563930000,1
1397,2006-07-26,1268.869995,1273.890015,1261.939941,1268.400024,1268.400024,2667710000,0
1398,2006-07-27,1268.199951,1275.849976,1261.920044,1263.199951,1263.199951,2776710000,0
1399,2006-07-28,1263.150024,1280.420044,1263.150024,1278.550049,1278.550049,2480420000,0
1400,2006-07-31,1278.530029,1278.660034,1274.310059,1276.660034,1276.660034,2461300000,0
1401,2006-08-01,1278.530029,1278.660034,1265.709961,1270.920044,1270.920044,2527690000,0
1402,2006-08-02,1270.72998,1283.420044,1270.72998,1277.410034,1277.410034,2610750000,0
1403,2006-08-03,1278.219971,1283.959961,1271.25,1280.27002,1280.27002,2728440000,0
1404,2006-08-04,1280.26001,1292.920044,1273.819946,1279.359985,1279.359985,2530970000,1
1405,2006-08-07,1279.310059,1279.310059,1273.0,1275.77002,1275.77002,2045660000,0
1406,2006-08-08,1275.670044,1282.75,1268.369995,1271.47998,1271.47998,2457840000,0
1407,2006-08-09,1271.130005,1283.73999,1264.72998,1265.949951,1265.949951,2555180000,0
1408,2006-08-10,1265.719971,1272.550049,1261.300049,1271.810059,1271.810059,2402190000,0
1409,2006-08-11,1271.640015,1271.640015,1262.079956,1266.73999,1266.73999,2004540000,0
1410,2006-08-14,1266.670044,1278.900024,1266.670044,1268.209961,1268.209961,2118020000,0
1411,2006-08-15,1268.189941,1286.22998,1268.189941,1285.579956,1285.579956,2334100000,-1
1412,2006-08-16,1285.27002,1296.209961,1285.27002,1295.430054,1295.430054,2554570000,0
1413,2006-08-17,1295.369995,1300.780029,1292.709961,1297.47998,1297.47998,2458340000,0
1414,2006-08-18,1297.47998,1302.300049,1293.569946,1302.300049,1302.300049,2033910000,-1
1415,2006-08-21,1302.300049,1302.300049,1295.51001,1297.52002,1297.52002,1759240000,0
1416,2006-08-22,1297.52002,1302.48999,1294.439941,1298.819946,1298.819946,1908740000,-1
1417,2006-08-23,1298.72998,1301.5,1289.819946,1292.98999,1292.98999,1893670000,0
1418,2006-08-24,1292.969971,1297.22998,1291.400024,1296.060059,1296.060059,1930320000,0
1419,2006-08-25,1295.920044,1298.880005,1292.390015,1295.089966,1295.089966,1667580000,1
1420,2006-08-28,1295.089966,1305.02002,1293.969971,1301.780029,1301.780029,1834920000,-1
1421,2006-08-29,1301.569946,1305.02002,1295.290039,1304.280029,1304.280029,2093720000,0
1422,2006-08-30,1303.699951,1306.73999,1302.150024,1305.369995,1305.369995,2060690000,1
1423,2006-08-31,1304.25,1306.109985,1302.449951,1303.819946,1303.819946,1974540000,0
1424,2006-09-01,1303.800049,1312.030029,1303.800049,1311.01001,1311.01001,1800520000,0
1425,2006-09-05,1310.939941,1314.670044,1308.819946,1313.25,1313.25,2114480000,0
1426,2006-09-06,1313.040039,1313.040039,1299.280029,1300.26001,1300.26001,2329870000,0
1427,2006-09-07,1300.209961,1301.25,1292.130005,1294.02002,1294.02002,2325850000,0
1428,2006-09-08,1294.02002,1300.140015,1294.02002,1298.920044,1298.920044,2132890000,1
1429,2006-09-11,1298.859985,1302.359985,1290.930054,1299.540039,1299.540039,2506430000,0
1430,2006-09-12,1299.530029,1314.280029,1299.530029,1313.0,1313.0,2791580000,0
1431,2006-09-13,1312.73999,1319.920044,1311.119995,1318.069946,1318.069946,2597220000,0
1432,2006-09-14,1318.0,1318.0,1313.25,1316.280029,1316.280029,2351220000,0
1433,2006-09-15,1316.280029,1324.650024,1316.280029,1319.660034,1319.660034,3198030000,0
1434,2006-09-18,1319.849976,1324.869995,1318.160034,1321.180054,1321.180054,2325080000,0
1435,2006-09-19,1321.170044,1322.040039,1312.170044,1317.640015,1317.640015,2390850000,1
1436,2006-09-20,1318.280029,1328.530029,1318.280029,1325.180054,1325.180054,2543070000,-1
1437,2006-09-21,1324.890015,1328.189941,1315.449951,1318.030029,1318.030029,2627440000,0
1438,2006-09-22,1318.030029,1318.030029,1310.939941,1314.780029,1314.780029,2162880000,0
1439,2006-09-25,1314.780029,1329.349976,1311.579956,1326.369995,1326.369995,2710240000,1
1440,2006-09-26,1326.349976,1336.599976,1325.300049,1336.349976,1336.349976,2673350000,1
1441,2006-09-27,1336.119995,1340.079956,1333.540039,1336.589966,1336.589966,2749190000,0
1442,2006-09-28,1336.560059,1340.280029,1333.75,1338.880005,1338.880005,2397820000,-1
1443,2006-09-29,1339.150024,1339.880005,1335.640015,1335.849976,1335.849976,2273430000,0
1444,2006-10-02,1335.819946,1338.540039,1330.280029,1331.319946,1331.319946,2154480000,0
1445,2006-10-03,1331.319946,1338.310059,1327.099976,1334.109985,1334.109985,2682690000,0
1446,2006-10-04,1333.810059,1350.199951,1331.47998,1350.199951,1350.199951,3019880000,0
1447,2006-10-05,1349.839966,1353.790039,1347.75,1353.219971,1353.219971,2817240000,0
1448,2006-10-06,1353.219971,1353.219971,1344.209961,1349.589966,1349.589966,2523000000,-1
1449,2006-10-09,1349.579956,1352.689941,1346.550049,1350.660034,1350.660034,1935170000,-1
1450,2006-10-10,1350.619995,1354.22998,1348.599976,1353.420044,1353.420044,2376140000,0
1451,2006-10-11,1353.280029,1353.969971,1343.569946,1349.949951,1349.949951,2521000000,-1
1452,2006-10-12,1349.939941,1363.76001,1349.939941,1362.829956,1362.829956,2514350000,-1
1453,2006-10-13,1362.819946,1366.630005,1360.5,1365.619995,1365.619995,2482920000,-1
1454,2006-10-16,1365.609985,1370.199951,1364.47998,1369.060059,1369.060059,2305920000,0
1455,2006-10-17,1369.050049,1369.050049,1356.869995,1364.050049,1364.050049,2519620000,0
1456,2006-10-18,1363.930054,1372.869995,1360.949951,1365.800049,1365.800049,2658840000,1
1457,2006-10-19,1365.949951,1368.089966,1362.060059,1366.959961,1366.959961,2619830000,0
1458,2006-10-20,1366.939941,1368.660034,1362.099976,1368.599976,1368.599976,2526410000,0
1459,2006-10-23,1368.579956,1377.400024,1363.939941,1377.02002,1377.02002,2480430000,1
1460,2006-10-24,1377.02002,1377.780029,1372.420044,1377.380005,1377.380005,2876890000,1
1461,2006-10-25,1377.359985,1383.609985,1376.0,1382.219971,1382.219971,2953540000,1
1462,2006-10-26,1382.209961,1389.449951,1379.469971,1389.079956,1389.079956,2793350000,0
1463,2006-10-27,1388.890015,1388.890015,1375.849976,1377.339966,1377.339966,2458450000,0
1464,2006-10-30,1377.300049,1381.219971,1373.459961,1377.930054,1377.930054,2770440000,0
1465,2006-10-31,1377.930054,1381.209961,1372.189941,1377.939941,1377.939941,2803030000,-1
1466,2006-11-01,1377.76001,1381.949951,1366.26001,1367.810059,1367.810059,2821160000,0
1467,2006-11-02,1367.439941,1368.390015,1362.209961,1367.339966,1367.339966,2646180000,0
1468,2006-11-03,1367.310059,1371.680054,1360.97998,1364.300049,1364.300049,2419730000,1
1469,2006-11-06,1364.27002,1381.400024,1364.27002,1379.780029,1379.780029,2533550000,-1
1470,2006-11-07,1379.75,1388.189941,1379.189941,1382.839966,1382.839966,2636390000,0
1471,2006-11-08,1382.5,1388.609985,1379.329956,1385.719971,1385.719971,2814820000,0
1472,2006-11-09,1385.430054,1388.920044,1377.310059,1378.329956,1378.329956,3012050000,1
1473,2006-11-10,1378.329956,1381.040039,1375.599976,1380.900024,1380.900024,2290200000,-1
1474,2006-11-13,1380.579956,1387.609985,1378.800049,1384.420044,1384.420044,2386340000,0
1475,2006-11-14,1384.359985,1394.48999,1379.069946,1393.219971,1393.219971,3027480000,1
1476,2006-11-15,1392.910034,1401.349976,1392.130005,1396.569946,1396.569946,2831130000,0
1477,2006-11-16,1396.530029,1403.76001,1396.530029,1399.76001,1399.76001,2835730000,0
1478,2006-11-17,1399.76001,1401.209961,1394.550049,1401.199951,1401.199951,2726100000,-1
1479,2006-11-20,1401.170044,1404.369995,1397.849976,1400.5,1400.5,2546710000,0
1480,2006-11-21,1400.430054,1403.48999,1399.98999,1402.810059,1402.810059,2597940000,1
1481,2006-11-22,1402.689941,1407.890015,1402.26001,1406.089966,1406.089966,2237710000,0
1482,2006-11-24,1405.939941,1405.939941,1399.25,1400.949951,1400.949951,832550000,1
1483,2006-11-27,1400.949951,1400.949951,1381.439941,1381.959961,1381.959961,2711210000,0
1484,2006-11-28,1381.609985,1387.910034,1377.829956,1386.719971,1386.719971,2639750000,0
1485,2006-11-29,1386.109985,1401.140015,1386.109985,1399.47998,1399.47998,2790970000,0
1486,2006-11-30,1399.469971,1406.300049,1393.829956,1400.630005,1400.630005,4006230000,0
1487,2006-12-01,1400.630005,1402.459961,1385.930054,1396.709961,1396.709961,2800980000,0
1488,2006-12-04,1396.670044,1411.22998,1396.670044,1409.119995,1409.119995,2766320000,1
1489,2006-12-05,1409.099976,1415.27002,1408.780029,1414.76001,1414.76001,2755700000,0
1490,2006-12-06,1414.400024,1415.930054,1411.050049,1412.900024,1412.900024,2725280000,0
1491,2006-12-07,1412.859985,1418.27002,1406.800049,1407.290039,1407.290039,2743150000,0
1492,2006-12-08,1407.27002,1414.089966,1403.670044,1409.839966,1409.839966,2440460000,0
1493,2006-12-11,1409.810059,1415.599976,1408.560059,1413.040039,1413.040039,2289900000,0
1494,2006-12-12,1413.0,1413.780029,1404.75,1411.560059,1411.560059,2738170000,-1
1495,2006-12-13,1411.319946,1416.640015,1411.050049,1413.209961,1413.209961,2552260000,-1
1496,2006-12-14,1413.160034,1427.22998,1413.160034,1425.48999,1425.48999,2729700000,-1
1497,2006-12-15,1425.47998,1431.630005,1425.47998,1427.089966,1427.089966,3229580000,0
1498,2006-12-18,1427.079956,1431.810059,1420.650024,1422.47998,1422.47998,2568140000,0
1499,2006-12-19,1422.420044,1428.300049,1414.880005,1425.550049,1425.550049,2717060000,1
1500,2006-12-20,1425.51001,1429.050049,1423.51001,1423.530029,1423.530029,2387630000,1
1501,2006-12-21,1423.199951,1426.400024,1415.900024,1418.300049,1418.300049,2322410000,0
1502,2006-12-22,1418.099976,1418.819946,1410.280029,1410.76001,1410.76001,1647590000,1
1503,2006-12-26,1410.75,1417.910034,1410.449951,1416.900024,1416.900024,1310310000,0
1504,2006-12-27,1416.630005,1427.719971,1416.630005,1426.839966,1426.839966,1667370000,0
1505,2006-12-28,1426.77002,1427.26001,1422.050049,1424.72998,1424.72998,1508570000,0
1506,2006-12-29,1424.709961,1427.0,1416.839966,1418.300049,1418.300049,1678200000,1
1507,2007-01-03,1418.030029,1429.420044,1407.859985,1416.599976,1416.599976,3429160000,0
1508,2007-01-04,1416.599976,1421.839966,1408.430054,1418.339966,1418.339966,3004460000,0
1509,2007-01-05,1418.339966,1418.339966,1405.75,1409.709961,1409.709961,2919400000,1
1510,2007-01-08,1409.26001,1414.97998,1403.969971,1412.839966,1412.839966,2763340000,0
1511,2007-01-09,1412.839966,1415.609985,1405.420044,1412.109985,1412.109985,3038380000,0
1512,2007-01-10,1408.699951,1415.98999,1405.319946,1414.849976,1414.849976,2764660000,-1
1513,2007-01-11,1414.839966,1427.119995,1414.839966,1423.819946,1423.819946,2857870000,0
1514,2007-01-12,1423.819946,1431.22998,1422.579956,1430.72998,1430.72998,2686480000,-1
1515,2007-01-16,1430.72998,1433.930054,1428.619995,1431.900024,1431.900024,2599530000,-1
1516,2007-01-17,1431.77002,1435.27002,1428.569946,1430.619995,1430.619995,2690270000,-1
1517,2007-01-18,1430.589966,1432.959961,1424.209961,1426.369995,1426.369995,2822430000,-1
1518,2007-01-19,1426.349976,1431.569946,1425.189941,1430.5,1430.5,2777480000,0
1519,2007-01-22,1430.469971,1431.390015,1420.400024,1422.949951,1422.949951,2540120000,0
1520,2007-01-23,1422.949951,1431.329956,1421.660034,1427.98999,1427.98999,2975070000,-1
1521,2007-01-24,1427.959961,1440.140015,1427.959961,1440.130005,1440.130005,2783180000,0
1522,2007-01-25,1440.119995,1440.689941,1422.339966,1423.900024,1423.900024,2994330000,0
1523,2007-01-26,1423.900024,1427.27002,1416.959961,1422.180054,1422.180054,2626620000,1
1524,2007-01-29,1422.030029,1426.939941,1418.459961,1420.619995,1420.619995,2730480000,0
1525,2007-01-30,1420.609985,1428.819946,1420.609985,1428.819946,1428.819946,2706250000,0
1526,2007-01-31,1428.650024,1441.609985,1424.780029,1438.23999,1438.23999,2976690000,0
1527,2007-02-01,1437.900024,1446.640015,1437.900024,1445.939941,1445.939941,2914890000,0
1528,2007-02-02,1445.939941,1449.329956,1444.48999,1448.390015,1448.390015,2569450000,0
1529,2007-02-05,1448.329956,1449.380005,1443.849976,1446.98999,1446.98999,2439430000,0
1530,2007-02-06,1446.97998,1450.189941,1443.400024,1448.0,1448.0,2608710000,1
1531,2007-02-07,1447.410034,1452.98999,1446.439941,1450.02002,1450.02002,2618820000,1
1532,2007-02-08,1449.98999,1450.449951,1442.810059,1448.310059,1448.310059,2816180000,0
1533,2007-02-09,1448.25,1452.449951,1433.439941,1438.060059,1438.060059,2951810000,0
1534,2007-02-12,1438.0,1439.109985,1431.439941,1433.369995,1433.369995,2395680000,0
1535,2007-02-13,1433.219971,1444.410034,1433.219971,1444.26001,1444.26001,2652150000,0
1536,2007-02-14,1443.910034,1457.650024,1443.910034,1455.300049,1455.300049,2699290000,0
1537,2007-02-15,1455.150024,1457.969971,1453.189941,1456.810059,1456.810059,2490920000,0
1538,2007-02-16,1456.77002,1456.77002,1451.569946,1455.540039,1455.540039,2399450000,0
1539,2007-02-20,1455.530029,1460.530029,1449.199951,1459.680054,1459.680054,2337860000,0
1540,2007-02-21,1459.599976,1459.599976,1452.02002,1457.630005,1457.630005,2606980000,-1
1541,2007-02-22,1457.290039,1461.569946,1450.51001,1456.380005,1456.380005,1950770000,0
1542,2007-02-23,1456.219971,1456.219971,1448.359985,1451.189941,1451.189941,2579950000,1
1543,2007-02-26,1451.040039,1456.949951,1445.47998,1449.369995,1449.369995,2822170000,0
1544,2007-02-27,1449.25,1449.25,1389.420044,1399.040039,1399.040039,4065230000,-1
1545,2007-02-28,1398.640015,1415.890015,1396.650024,1406.819946,1406.819946,3925250000,-1
1546,2007-03-01,1406.800049,1409.459961,1380.869995,1403.170044,1403.170044,3874910000,-1
1547,2007-03-02,1403.160034,1403.400024,1386.869995,1387.170044,1387.170044,3312260000,-1
1548,2007-03-05,1387.109985,1391.859985,1373.969971,1374.119995,1374.119995,3480520000,0
1549,2007-03-06,1374.060059,1397.900024,1374.060059,1395.410034,1395.410034,3358160000,-1
1550,2007-03-07,1395.02002,1401.160034,1390.640015,1391.969971,1391.969971,3141350000,0
1551,2007-03-08,1391.880005,1407.930054,1391.880005,1401.890015,1401.890015,3014850000,1
1552,2007-03-09,1401.890015,1410.150024,1397.300049,1402.839966,1402.839966,2623050000,0
1553,2007-03-12,1402.800049,1409.339966,1398.400024,1406.599976,1406.599976,2664000000,0
1554,2007-03-13,1406.22998,1406.22998,1377.709961,1377.949951,1377.949951,3485570000,0
1555,2007-03-14,1377.859985,1388.089966,1363.97998,1387.170044,1387.170044,3758350000,-1
1556,2007-03-15,1387.109985,1395.72998,1385.160034,1392.280029,1392.280029,2821900000,0
1557,2007-03-16,1392.280029,1397.51001,1383.630005,1386.949951,1386.949951,3393640000,1
1558,2007-03-19,1386.949951,1403.199951,1386.949951,1402.060059,1402.060059,2777180000,0
1559,2007-03-20,1402.040039,1411.530029,1400.699951,1410.939941,1410.939941,2795940000,0
1560,2007-03-21,1410.920044,1437.77002,1409.75,1435.040039,1435.040039,3184770000,0
1561,2007-03-22,1435.040039,1437.660034,1429.880005,1434.540039,1434.540039,3129970000,0
1562,2007-03-23,1434.540039,1438.890015,1433.209961,1436.109985,1436.109985,2619020000,0
1563,2007-03-26,1436.109985,1437.650024,1423.280029,1437.5,1437.5,2754660000,1
1564,2007-03-27,1437.48999,1437.48999,1425.540039,1428.609985,1428.609985,2673040000,0
1565,2007-03-28,1428.349976,1428.349976,1414.069946,1417.22998,1417.22998,3000440000,1
1566,2007-03-29,1417.170044,1426.23999,1413.27002,1422.530029,1422.530029,2854710000,-1
1567,2007-03-30,1422.52002,1429.219971,1408.900024,1420.859985,1420.859985,2903960000,0
1568,2007-04-02,1420.829956,1425.48999,1416.369995,1424.550049,1424.550049,2875880000,0
1569,2007-04-03,1424.27002,1440.569946,1424.27002,1437.77002,1437.77002,2921760000,0
1570,2007-04-04,1437.75,1440.160034,1435.079956,1439.369995,1439.369995,2616320000,0
1571,2007-04-05,1438.939941,1444.880005,1436.670044,1443.76001,1443.76001,2357230000,-1
1572,2007-04-09,1443.77002,1448.099976,1443.280029,1444.609985,1444.609985,2349410000,1
1573,2007-04-10,1444.579956,1448.72998,1443.98999,1448.390015,1448.390015,2510110000,-1
1574,2007-04-11,1448.22998,1448.390015,1436.150024,1438.869995,1438.869995,2950190000,0
1575,2007-04-12,1438.869995,1448.02002,1433.910034,1447.800049,1447.800049,2770570000,0
1576,2007-04-13,1447.800049,1453.109985,1444.150024,1452.849976,1452.849976,2690020000,0
1577,2007-04-16,1452.839966,1468.619995,1452.839966,1468.329956,1468.329956,2870140000,0
1578,2007-04-17,1468.469971,1474.349976,1467.150024,1471.47998,1471.47998,2920570000,0
1579,2007-04-18,1471.469971,1476.569946,1466.410034,1472.5,1472.5,2971330000,0
1580,2007-04-19,1472.47998,1474.22998,1464.469971,1470.72998,1470.72998,2913610000,0
1581,2007-04-20,1470.689941,1484.73999,1470.689941,1484.349976,1484.349976,3329940000,0
1582,2007-04-23,1484.329956,1487.319946,1480.189941,1480.930054,1480.930054,2575020000,1
1583,2007-04-24,1480.930054,1483.819946,1473.73999,1480.410034,1480.410034,3119750000,1
1584,2007-04-25,1480.280029,1496.589966,1480.280029,1495.420044,1495.420044,3252590000,0
1585,2007-04-26,1495.27002,1498.02002,1491.170044,1494.25,1494.25,3211800000,0
1586,2007-04-27,1494.209961,1497.319946,1488.670044,1494.069946,1494.069946,2732810000,0
1587,2007-04-30,1494.069946,1497.160034,1482.290039,1482.369995,1482.369995,3093420000,0
1588,2007-05-01,1482.369995,1487.27002,1476.699951,1486.300049,1486.300049,3400350000,0
1589,2007-05-02,1486.130005,1499.099976,1486.130005,1495.920044,1495.920044,3189800000,0
1590,2007-05-03,1495.560059,1503.339966,1495.560059,1502.390015,1502.390015,3007970000,1
1591,2007-05-04,1502.349976,1510.339966,1501.800049,1505.619995,1505.619995,2761930000,0
1592,2007-05-07,1505.569946,1511.0,1505.540039,1509.47998,1509.47998,2545090000,0
1593,2007-05-08,1509.359985,1509.359985,1500.660034,1507.719971,1507.719971,2795720000,1
1594,2007-05-09,1507.319946,1513.800049,1503.77002,1512.579956,1512.579956,2935550000,0
1595,2007-05-10,1512.329956,1512.329956,1491.420044,1491.469971,1491.469971,3031240000,-1
1596,2007-05-11,1491.469971,1506.23999,1491.469971,1505.849976,1505.849976,2720780000,-1
1597,2007-05-14,1505.76001,1510.900024,1498.339966,1503.150024,1503.150024,2776130000,0
1598,2007-05-15,1503.109985,1514.829956,1500.430054,1501.189941,1501.189941,3071020000,0
1599,2007-05-16,1500.75,1514.150024,1500.75,1514.140015,1514.140015,2915350000,0
1600,2007-05-17,1514.01001,1517.140015,1509.290039,1512.75,1512.75,2868640000,0
1601,2007-05-18,1512.73999,1522.75,1512.73999,1522.75,1522.75,2959050000,0
1602,2007-05-21,1522.75,1529.869995,1522.709961,1525.099976,1525.099976,3465360000,1
1603,2007-05-22,1525.099976,1529.23999,1522.050049,1524.119995,1524.119995,2860500000,-1
1604,2007-05-23,1524.089966,1532.430054,1521.900024,1522.280029,1522.280029,3084260000,0
1605,2007-05-24,1522.099976,1529.310059,1505.180054,1507.51001,1507.51001,3365530000,0
1606,2007-05-25,1507.5,1517.410034,1507.5,1515.72998,1515.72998,2316250000,-1
1607,2007-05-29,1515.550049,1521.800049,1512.02002,1518.109985,1518.109985,2571790000,1
1608,2007-05-30,1517.599976,1530.22998,1510.060059,1530.22998,1530.22998,2980210000,0
1609,2007-05-31,1530.189941,1535.560059,1528.26001,1530.619995,1530.619995,3335530000,1
1610,2007-06-01,1530.619995,1540.560059,1530.619995,1536.339966,1536.339966,2927020000,0
1611,2007-06-04,1536.280029,1540.530029,1532.310059,1539.180054,1539.180054,2738930000,0
1612,2007-06-05,1539.119995,1539.119995,1525.619995,1530.949951,1530.949951,2939450000,0
1613,2007-06-06,1530.569946,1530.569946,1514.130005,1517.380005,1517.380005,2964190000,-1
1614,2007-06-07,1517.359985,1517.359985,1490.369995,1490.719971,1490.719971,3538470000,0
1615,2007-06-08,1490.709961,1507.76001,1487.410034,1507.670044,1507.670044,2993460000,-1
1616,2007-06-11,1507.640015,1515.530029,1503.349976,1509.119995,1509.119995,2525280000,0
1617,2007-06-12,1509.119995,1511.329956,1492.969971,1493.0,1493.0,3056200000,0
1618,2007-06-13,1492.650024,1515.699951,1492.650024,1515.670044,1515.670044,3077930000,0
1619,2007-06-14,1515.579956,1526.449951,1515.579956,1522.969971,1522.969971,2813630000,-1
1620,2007-06-15,1522.969971,1538.709961,1522.969971,1532.910034,1532.910034,3406030000,0
1621,2007-06-18,1532.900024,1535.439941,1529.310059,1531.050049,1531.050049,2480240000,0
1622,2007-06-19,1531.02002,1535.849976,1525.670044,1533.699951,1533.699951,2873590000,0
1623,2007-06-20,1533.680054,1537.319946,1512.359985,1512.839966,1512.839966,3286900000,-1
1624,2007-06-21,1512.5,1522.900024,1504.75,1522.189941,1522.189941,3161110000,0
1625,2007-06-22,1522.189941,1522.189941,1500.73999,1502.560059,1502.560059,4284320000,0
1626,2007-06-25,1502.560059,1514.290039,1492.680054,1497.73999,1497.73999,3287250000,0
1627,2007-06-26,1497.680054,1506.119995,1490.540039,1492.890015,1492.890015,3398530000,0
1628,2007-06-27,1492.619995,1506.800049,1484.180054,1506.339966,1506.339966,3398150000,0
1629,2007-06-28,1506.319946,1514.839966,1503.410034,1505.709961,1505.709961,3006710000,0
1630,2007-06-29,1505.699951,1517.530029,1493.609985,1503.349976,1503.349976,3165410000,0
1631,2007-07-02,1504.660034,1519.449951,1504.660034,1519.430054,1519.430054,2648990000,0
1632,2007-07-03,1519.119995,1526.01001,1519.119995,1524.869995,1524.869995,1560790000,-1
1633,2007-07-05,1524.859985,1526.569946,1517.719971,1525.400024,1525.400024,2622950000,0
1634,2007-07-06,1524.959961,1532.400024,1520.469971,1530.439941,1530.439941,2441520000,0
1635,2007-07-09,1530.430054,1534.26001,1527.449951,1531.849976,1531.849976,2715330000,0
1636,2007-07-10,1531.849976,1531.849976,1510.01001,1510.119995,1510.119995,3244280000,-1
1637,2007-07-11,1509.930054,1519.339966,1506.099976,1518.76001,1518.76001,3082920000,0
1638,2007-07-12,1518.73999,1547.920044,1518.73999,1547.699951,1547.699951,3489600000,0
1639,2007-07-13,1547.680054,1555.099976,1544.849976,1552.5,1552.5,2801120000,0
1640,2007-07-16,1552.5,1555.900024,1546.689941,1549.52002,1549.52002,2704110000,1
1641,2007-07-17,1549.52002,1555.319946,1547.73999,1549.369995,1549.369995,3007140000,1
1642,2007-07-18,1549.199951,1549.199951,1533.670044,1546.170044,1546.170044,3609220000,-1
1643,2007-07-19,1546.130005,1555.199951,1546.130005,1553.079956,1553.079956,3251450000,0
1644,2007-07-20,1553.189941,1553.189941,1529.199951,1534.099976,1534.099976,3745780000,1
1645,2007-07-23,1534.060059,1547.22998,1534.060059,1541.569946,1541.569946,3102700000,0
1646,2007-07-24,1541.569946,1541.569946,1508.619995,1511.040039,1511.040039,4115830000,0
1647,2007-07-25,1511.030029,1524.310059,1503.72998,1518.089966,1518.089966,4283200000,0
1648,2007-07-26,1518.089966,1518.089966,1465.300049,1482.660034,1482.660034,4472550000,1
1649,2007-07-27,1482.439941,1488.530029,1458.949951,1458.949951,1458.949951,4784650000,1
1650,2007-07-30,1458.930054,1477.880005,1454.319946,1473.910034,1473.910034,4128780000,0
1651,2007-07-31,1473.900024,1488.300049,1454.25,1455.27002,1455.27002,4524520000,0
1652,2007-08-01,1455.180054,1468.380005,1439.589966,1465.810059,1465.810059,5256780000,0
1653,2007-08-02,1465.459961,1476.430054,1460.579956,1472.199951,1472.199951,4368850000,0
1654,2007-08-03,1472.180054,1473.22998,1432.800049,1433.060059,1433.060059,4272110000,0
1655,2007-08-06,1433.040039,1467.670044,1427.390015,1467.670044,1467.670044,5067200000,0
1656,2007-08-07,1467.619995,1488.300049,1455.800049,1476.709961,1476.709961,4909390000,1
1657,2007-08-08,1476.219971,1503.890015,1476.219971,1497.48999,1497.48999,5499560000,-1
1658,2007-08-09,1497.209961,1497.209961,1453.089966,1453.089966,1453.089966,5889600000,1
1659,2007-08-10,1453.089966,1462.02002,1429.73999,1453.640015,1453.640015,5345780000,0
1660,2007-08-13,1453.420044,1466.290039,1451.540039,1452.920044,1452.920044,3696280000,0
1661,2007-08-14,1452.869995,1456.73999,1426.199951,1426.540039,1426.540039,3814630000,0
1662,2007-08-15,1426.150024,1440.780029,1404.359985,1406.699951,1406.699951,4290930000,1
1663,2007-08-16,1406.640015,1415.969971,1370.599976,1411.27002,1411.27002,6509300000,1
1664,2007-08-17,1411.26001,1450.329956,1411.26001,1445.939941,1445.939941,3570040000,0
1665,2007-08-20,1445.939941,1451.75,1430.540039,1445.550049,1445.550049,3321340000,0
1666,2007-08-21,1445.550049,1455.319946,1439.76001,1447.119995,1447.119995,3012150000,-1
1667,2007-08-22,1447.030029,1464.859985,1447.030029,1464.069946,1464.069946,3309120000,0
1668,2007-08-23,1464.050049,1472.060059,1453.880005,1462.5,1462.5,3084390000,0
1669,2007-08-24,1462.339966,1479.400024,1460.540039,1479.369995,1479.369995,2541400000,0
1670,2007-08-27,1479.359985,1479.359985,1465.97998,1466.790039,1466.790039,2406180000,-1
1671,2007-08-28,1466.719971,1466.719971,1432.01001,1432.359985,1432.359985,3078090000,0
1672,2007-08-29,1432.01001,1463.76001,1432.01001,1463.76001,1463.76001,2824070000,0
1673,2007-08-30,1463.670044,1468.430054,1451.25,1457.640015,1457.640015,2582960000,0
1674,2007-08-31,1457.609985,1481.469971,1457.609985,1473.98999,1473.98999,2731610000,-1
1675,2007-09-04,1473.959961,1496.400024,1472.150024,1489.420044,1489.420044,2766600000,0
1676,2007-09-05,1488.76001,1488.76001,1466.339966,1472.290039,1472.290039,2991600000,0
1677,2007-09-06,1472.030029,1481.48999,1467.410034,1478.550049,1478.550049,2459590000,0
1678,2007-09-07,1478.550049,1478.550049,1449.069946,1453.550049,1453.550049,3191080000,0
1679,2007-09-10,1453.5,1462.25,1439.290039,1451.699951,1451.699951,2835720000,-1
1680,2007-09-11,1451.689941,1472.47998,1451.689941,1471.48999,1471.48999,3015330000,0
1681,2007-09-12,1471.099976,1479.5,1465.75,1471.560059,1471.560059,2885720000,0
1682,2007-09-13,1471.469971,1489.579956,1471.469971,1483.949951,1483.949951,2877080000,0
1683,2007-09-14,1483.949951,1485.98999,1473.180054,1484.25,1484.25,2641740000,0
1684,2007-09-17,1484.23999,1484.23999,1471.819946,1476.650024,1476.650024,2598390000,-1
1685,2007-09-18,1476.630005,1519.890015,1476.630005,1519.780029,1519.780029,3708940000,0
1686,2007-09-19,1519.75,1538.73999,1519.75,1529.030029,1529.030029,3846750000,0
1687,2007-09-20,1528.689941,1529.140015,1516.420044,1518.75,1518.75,2957700000,-1
1688,2007-09-21,1518.75,1530.890015,1518.75,1525.75,1525.75,3679460000,0
1689,2007-09-24,1525.75,1530.180054,1516.150024,1517.72998,1517.72998,3131310000,0
1690,2007-09-25,1516.339966,1518.27002,1507.130005,1517.209961,1517.209961,3187770000,0
1691,2007-09-26,1518.619995,1529.390015,1518.619995,1525.420044,1525.420044,3237390000,1
1692,2007-09-27,1527.319946,1532.459961,1525.810059,1531.380005,1531.380005,2872180000,-1
1693,2007-09-28,1531.23999,1533.73999,1521.98999,1526.75,1526.75,2925350000,0
1694,2007-10-01,1527.290039,1549.02002,1527.25,1547.040039,1547.040039,3281990000,0
1695,2007-10-02,1546.959961,1548.01001,1540.369995,1546.630005,1546.630005,3101910000,0
1696,2007-10-03,1545.800049,1545.839966,1536.339966,1539.589966,1539.589966,3065320000,0
1697,2007-10-04,1539.910034,1544.02002,1537.630005,1542.839966,1542.839966,2690430000,0
1698,2007-10-05,1543.839966,1561.910034,1543.839966,1557.589966,1557.589966,2919030000,0
1699,2007-10-08,1556.51001,1556.51001,1549.0,1552.579956,1552.579956,2040650000,1
1700,2007-10-09,1553.180054,1565.26001,1551.819946,1565.150024,1565.150024,2932040000,0
1701,2007-10-10,1564.97998,1565.420044,1555.459961,1562.469971,1562.469971,3044760000,-1
1702,2007-10-11,1564.719971,1576.089966,1546.719971,1554.410034,1554.410034,3911260000,-1
1703,2007-10-12,1555.410034,1563.030029,1554.089966,1561.800049,1561.800049,2788690000,1
1704,2007-10-15,1562.25,1564.73999,1540.810059,1548.709961,1548.709961,3139290000,0
1705,2007-10-16,1547.810059,1547.810059,1536.290039,1538.530029,1538.530029,3234560000,-1
1706,2007-10-17,1544.439941,1550.660034,1526.01001,1541.23999,1541.23999,3638070000,0
1707,2007-10-18,1539.290039,1542.790039,1531.76001,1540.079956,1540.079956,3203210000,0
1708,2007-10-19,1540.0,1540.0,1500.26001,1500.630005,1500.630005,4160970000,0
1709,2007-10-22,1497.790039,1508.060059,1490.400024,1506.329956,1506.329956,3471830000,-1
1710,2007-10-23,1509.300049,1520.01001,1503.609985,1519.589966,1519.589966,3309120000,0
1711,2007-10-24,1516.609985,1517.22998,1489.560059,1515.880005,1515.880005,4003300000,0
1712,2007-10-25,1516.150024,1523.23999,1500.459961,1514.400024,1514.400024,4183960000,0
1713,2007-10-26,1522.170044,1535.530029,1520.180054,1535.280029,1535.280029,3612120000,0
1714,2007-10-29,1536.920044,1544.670044,1536.430054,1540.97998,1540.97998,3124480000,1
1715,2007-10-30,1539.420044,1539.420044,1529.550049,1531.02002,1531.02002,3212520000,1
1716,2007-10-31,1532.150024,1552.76001,1529.400024,1549.380005,1549.380005,3953070000,0
1717,2007-11-01,1545.790039,1545.790039,1506.660034,1508.439941,1508.439941,4241470000,0
1718,2007-11-02,1511.069946,1513.150024,1492.530029,1509.650024,1509.650024,4285990000,0
1719,2007-11-05,1505.609985,1510.839966,1489.949951,1502.170044,1502.170044,3819330000,0
1720,2007-11-06,1505.329956,1520.77002,1499.069946,1520.27002,1520.27002,3879160000,0
1721,2007-11-07,1515.459961,1515.459961,1475.040039,1475.619995,1475.619995,4353160000,1
1722,2007-11-08,1475.27002,1482.5,1450.310059,1474.77002,1474.77002,5439720000,0
1723,2007-11-09,1467.589966,1474.089966,1448.51001,1453.699951,1453.699951,4587050000,0
1724,2007-11-12,1453.660034,1464.939941,1438.530029,1439.180054,1439.180054,4192520000,0
1725,2007-11-13,1441.349976,1481.369995,1441.349976,1481.050049,1481.050049,4141310000,0
1726,2007-11-14,1483.400024,1492.140015,1466.469971,1470.579956,1470.579956,4031470000,0
1727,2007-11-15,1468.040039,1472.670044,1443.48999,1451.150024,1451.150024,3941010000,1
1728,2007-11-16,1453.089966,1462.180054,1443.98999,1458.73999,1458.73999,4168870000,-1
1729,2007-11-19,1456.699951,1456.699951,1430.420044,1433.27002,1433.27002,4119650000,1
1730,2007-11-20,1434.51001,1452.640015,1419.280029,1439.699951,1439.699951,4875150000,1
1731,2007-11-21,1434.709961,1436.400024,1415.640015,1416.77002,1416.77002,4076230000,0
1732,2007-11-23,1417.619995,1440.859985,1417.619995,1440.699951,1440.699951,1612720000,0
1733,2007-11-26,1440.73999,1446.089966,1406.099976,1407.219971,1407.219971,3706470000,0
1734,2007-11-27,1409.589966,1429.48999,1407.430054,1428.22998,1428.22998,4320720000,0
1735,2007-11-28,1432.949951,1471.619995,1432.949951,1469.02002,1469.02002,4508020000,1
1736,2007-11-29,1467.410034,1473.810059,1458.359985,1469.719971,1469.719971,3524730000,0
1737,2007-11-30,1471.829956,1488.939941,1470.890015,1481.140015,1481.140015,4422200000,1
1738,2007-12-03,1479.630005,1481.160034,1470.079956,1472.420044,1472.420044,3323250000,0
1739,2007-12-04,1471.339966,1471.339966,1460.660034,1462.790039,1462.790039,3343620000,0
1740,2007-12-05,1465.219971,1486.089966,1465.219971,1485.01001,1485.01001,3663660000,0
1741,2007-12-06,1484.589966,1508.02002,1482.189941,1507.339966,1507.339966,3568570000,0
1742,2007-12-07,1508.599976,1510.630005,1502.660034,1504.660034,1504.660034,3177710000,0
1743,2007-12-10,1505.109985,1518.27002,1504.959961,1515.959961,1515.959961,2911760000,0
1744,2007-12-11,1516.680054,1523.569946,1475.98999,1477.650024,1477.650024,4080180000,1
1745,2007-12-12,1487.579956,1511.959961,1468.22998,1486.589966,1486.589966,4482120000,0
1746,2007-12-13,1483.27002,1489.400024,1469.209961,1488.410034,1488.410034,3635170000,0
1747,2007-12-14,1486.189941,1486.670044,1467.780029,1467.949951,1467.949951,3401050000,1
1748,2007-12-17,1465.050049,1465.050049,1445.430054,1445.900024,1445.900024,3569030000,1
1749,2007-12-18,1445.920044,1460.160034,1435.650024,1454.97998,1454.97998,3723690000,-1
1750,2007-12-19,1454.699951,1464.420044,1445.310059,1453.0,1453.0,3401300000,0
1751,2007-12-20,1456.420044,1461.530029,1447.219971,1460.119995,1460.119995,3526890000,0
1752,2007-12-21,1463.189941,1485.400024,1463.189941,1484.459961,1484.459961,4508590000,1
1753,2007-12-24,1484.550049,1497.630005,1484.550049,1496.449951,1496.449951,1267420000,0
1754,2007-12-26,1495.119995,1498.849976,1488.199951,1497.660034,1497.660034,2010500000,0
1755,2007-12-27,1495.050049,1495.050049,1475.859985,1476.27002,1476.27002,2365770000,1
1756,2007-12-28,1479.829956,1488.01001,1471.699951,1478.48999,1478.48999,2420510000,0
1757,2007-12-31,1475.25,1475.829956,1465.130005,1468.359985,1468.359985,2440880000,-1
1758,2008-01-02,1467.969971,1471.77002,1442.069946,1447.160034,1447.160034,3452650000,0
1759,2008-01-03,1447.550049,1456.800049,1443.72998,1447.160034,1447.160034,3429500000,0
1760,2008-01-04,1444.01001,1444.01001,1411.189941,1411.630005,1411.630005,4166000000,0
1761,2008-01-07,1414.069946,1423.869995,1403.449951,1416.180054,1416.180054,4221260000,0
1762,2008-01-08,1415.709961,1430.280029,1388.300049,1390.189941,1390.189941,4705390000,1
1763,2008-01-09,1390.25,1409.189941,1378.699951,1409.130005,1409.130005,5351030000,0
1764,2008-01-10,1406.780029,1429.089966,1395.310059,1420.329956,1420.329956,5170490000,0
1765,2008-01-11,1419.910034,1419.910034,1394.829956,1401.02002,1401.02002,4495840000,0
1766,2008-01-14,1402.910034,1417.890015,1402.910034,1416.25,1416.25,3682090000,1
1767,2008-01-15,1411.880005,1411.880005,1380.599976,1380.949951,1380.949951,4601640000,1
1768,2008-01-16,1377.410034,1391.98999,1364.27002,1373.199951,1373.199951,5440620000,0
1769,2008-01-17,1374.790039,1377.719971,1330.670044,1333.25,1333.25,5303130000,1
1770,2008-01-18,1333.900024,1350.280029,1312.51001,1325.189941,1325.189941,6004840000,0
1771,2008-01-22,1312.939941,1322.089966,1274.290039,1310.5,1310.5,6544690000,0
1772,2008-01-23,1310.410034,1339.089966,1270.050049,1338.599976,1338.599976,3241680000,0
1773,2008-01-24,1340.130005,1355.150024,1334.310059,1352.069946,1352.069946,5735300000,-1
1774,2008-01-25,1357.319946,1368.560059,1327.5,1330.609985,1330.609985,4882250000,1
1775,2008-01-28,1330.699951,1353.969971,1322.26001,1353.959961,1353.959961,4100930000,0
1776,2008-01-29,1355.939941,1364.930054,1350.189941,1362.300049,1362.300049,4232960000,0
1777,2008-01-30,1362.219971,1385.859985,1352.949951,1355.810059,1355.810059,4742760000,0
1778,2008-01-31,1351.97998,1385.619995,1334.079956,1378.550049,1378.550049,4970290000,0
1779,2008-02-01,1378.599976,1396.02002,1375.930054,1395.420044,1395.420044,4650770000,-1
1780,2008-02-04,1395.380005,1395.380005,1379.689941,1380.819946,1380.819946,3495780000,-1
1781,2008-02-05,1380.280029,1380.280029,1336.640015,1336.640015,1336.640015,4315740000,0
1782,2008-02-06,1339.47998,1351.959961,1324.339966,1326.449951,1326.449951,4008120000,0
1783,2008-02-07,1324.01001,1347.160034,1316.75,1336.910034,1336.910034,4589160000,0
1784,2008-02-08,1336.880005,1341.219971,1321.060059,1331.290039,1331.290039,3768490000,0
1785,2008-02-11,1331.920044,1341.400024,1320.319946,1339.130005,1339.130005,3593140000,0
1786,2008-02-12,1340.550049,1362.099976,1339.359985,1348.859985,1348.859985,4044640000,1
1787,2008-02-13,1353.119995,1369.22998,1350.780029,1367.209961,1367.209961,3856420000,0
1788,2008-02-14,1367.329956,1368.160034,1347.310059,1348.859985,1348.859985,3644760000,1
1789,2008-02-15,1347.52002,1350.0,1338.130005,1349.98999,1349.98999,3583300000,0
1790,2008-02-19,1355.859985,1367.280029,1345.050049,1348.780029,1348.780029,3613550000,1
1791,2008-02-20,1348.390015,1363.709961,1336.550049,1360.030029,1360.030029,3870520000,0
1792,2008-02-21,1362.209961,1367.939941,1339.339966,1342.530029,1342.530029,3696660000,0
1793,2008-02-22,1344.219971,1354.300049,1327.040039,1353.109985,1353.109985,3572660000,0
1794,2008-02-25,1352.75,1374.359985,1346.030029,1371.800049,1371.800049,3866350000,0
1795,2008-02-26,1371.76001,1387.339966,1363.290039,1381.290039,1381.290039,4096060000,-1
1796,2008-02-27,1378.949951,1388.339966,1372.0,1380.02002,1380.02002,3904700000,0
1797,2008-02-28,1378.160034,1378.160034,1363.160034,1367.680054,1367.680054,3938580000,1
1798,2008-02-29,1364.069946,1364.069946,1325.420044,1330.630005,1330.630005,4426730000,0
1799,2008-03-03,1330.449951,1335.130005,1320.040039,1331.339966,1331.339966,4117570000,0
